transaction_amount,transaction_time,customer_age,account_balance,device_trust_score,location_risk,is_international,num_failed_logins,fraud
1878.9551930483387,14,23,4072.6199023580975,0.8205987576765866,0.6199685648741642,0,1,0
4754.064388985482,11,52,60446.7605394148,0.4045686564040174,0.6981984306764998,0,1,0
3662.6497696389115,15,39,90747.27845481341,0.48434442629150865,0.21491653138671918,0,4,0
2997.3058361432127,23,60,23961.78037415257,0.013367683259395635,0.04196407344363429,0,1,1
788.5330158077583,18,32,47017.21329060283,0.4097392364429391,0.3636453589194496,1,1,0
788.4126564776512,7,39,45101.483635616045,0.6477742329503421,0.09859423024193648,1,1,0
299.8372247193153,20,54,47349.837474941465,0.015508330626592182,0.11647784967333707,1,3,0
4332.218967416927,16,69,62289.71760340154,0.28088196518624375,0.25426123144486457,1,1,1
3009.5639085986118,22,59,47027.401922769306,0.20795635928938994,0.2954679246267593,0,0,1
3543.282163202267,4,29,44802.067318113535,0.04198542890958823,0.5299703410214206,1,0,1
112.7166265360542,21,64,47481.41320108293,0.4792600899145375,0.6783918855030131,1,4,0
4849.850162288351,15,66,59127.65738297705,0.1817232932281565,0.5927709408701848,0,3,0
4163.888777594105,5,59,53747.0480863007,0.7430815396313801,0.1483603372895168,0,0,0
1069.572162284598,7,55,85428.18616528538,0.8479278837633485,0.17208603245262644,1,3,0
917.3065863634321,17,35,5044.735664017295,0.5455851826691478,0.8787692497929145,0,3,0
925.1885041686347,11,62,83348.37544015395,0.9817073425211416,0.5583523150641136,1,4,1
1528.1687923680931,14,52,84408.06879991123,0.45047857147059533,0.869937832897689,0,3,0
2628.534593844867,8,47,28562.31135094299,0.5133682102249155,0.3715465113198744,0,1,1
2165.4056430241576,12,41,46338.910306083475,0.9892177539577501,0.6144000074313238,1,3,0
1463.233409588229,14,59,43909.9950048898,0.23154843596504882,0.5236634160546108,0,4,1
3063.1459446646736,9,47,21929.132451977617,0.9425459396769053,0.31912348982046257,1,4,1
706.0743646536888,15,31,39740.00502392301,0.042837555119113246,0.46991537203359535,0,4,1
1467.8017961907385,6,23,4534.338439868358,0.4463868902631948,0.502490876826932,0,0,1
1838.1455980355215,16,20,27854.42507089527,0.07000351213306577,0.2007709747566786,0,1,0
2285.7892212430093,22,33,81686.54932752674,0.729234742913643,0.3150103723767316,0,0,0
3928.028047351138,20,24,28527.773946113466,0.6084089358800178,0.7914097505069756,0,2,0
1006.372172970215,21,69,81838.84620794993,0.7066342634675964,0.9157882394541271,1,1,1
2576.029847683922,6,31,53206.786513982646,0.37448039996801696,0.35979409354529945,0,3,0
2966.148698621592,13,26,87998.28146837988,0.3694819340313803,0.3069722822090182,1,4,0
241.78755947278864,14,32,57520.477471015074,0.045319278960894605,0.19519716457188252,0,2,0
3041.6488109881775,20,38,3063.8554841675077,0.3499449395296398,0.6784911686505812,1,1,0
860.9153771995848,6,52,67574.47873395421,0.9292884022620594,0.3230997016663373,0,0,1
334.6074489965448,8,19,4580.871445554509,0.37922653718044896,0.9877495390991885,1,4,1
4744.9388308941325,18,44,45114.64219641509,0.83136770622197,0.3256848020639532,1,0,0
4828.503845042052,15,19,92949.72677786408,0.8423255047499341,0.39413604678262815,0,1,0
4043.902767101141,7,52,16603.873539851233,0.37324115637923383,0.6033341962120348,0,1,0
1530.0227081751198,17,35,39048.248058860256,0.631988680396189,0.801684293191305,0,2,1
497.3838488918555,22,31,73013.04485396299,0.09537160227305863,0.4695186653456337,1,3,1
3424.3228022956628,17,37,88237.62975387527,0.1036785807342765,0.42265603378895833,1,0,1
2206.3609437606106,19,35,67127.20617377653,0.04865766366171331,0.9956378335948083,0,2,0
618.9707918754464,6,27,25891.508093697805,0.5810150933751095,0.010493641139944443,0,4,1
2480.932781455238,2,42,67493.32450633,0.426070977626097,0.8950652888512458,1,3,1
181.5987203649398,17,19,29743.09134629859,0.5480323566642401,0.14914082593973743,1,2,1
4547.508806373123,9,42,71871.08005889165,0.5210731905083879,0.7859252762089134,0,0,1
1301.3121081840843,6,50,95407.90944574555,0.3502029910907303,0.617931559846298,1,1,1
3315.98619892637,16,53,72167.2057655182,0.6774734148234729,0.34184728549809207,0,4,0
1565.4382696861608,13,48,86301.76224094999,0.7585018809163907,0.8738749555210183,0,0,0
2605.139425677276,23,31,310.17393327075297,0.014628258877675715,0.012907227980991975,0,3,0
2738.0842939229656,2,18,71785.45526068627,0.2072422997688783,0.22669065207492367,1,3,0
932.42373307238,11,63,82975.7969308385,0.7132358680833368,0.566892796249536,1,1,1
4848.227292545147,12,33,4151.817880713674,0.3866201726338342,0.351542260049698,1,1,0
3877.9127885719618,1,63,87172.61295609424,0.6624839469416082,0.6103774953183276,1,4,0
4698.099718405304,2,69,25743.75340817358,0.3469626597345584,0.024110193408666825,0,4,0
4475.188478633968,4,20,66562.68098760772,0.3907551523296371,0.11645893048171252,1,1,1
2993.520894267315,10,52,80055.45241443832,0.15867887368968492,0.12709624021843924,0,1,0
4610.152432765353,7,58,66300.18485462961,0.25823101966616,0.18928364591600944,0,3,1
451.5775852390783,22,23,9319.250728118399,0.6054117575075872,0.4593314408005428,0,1,1
987.9544834715346,22,42,59672.519734150796,0.4331631113151664,0.7521286995435712,1,2,1
235.68417166358495,11,30,55003.40730654215,0.7743026829445951,0.9055388379289011,0,0,0
1633.398350508689,6,51,90042.09468061972,0.8525849549383427,0.8353725302842461,0,1,1
1949.4996755505151,14,25,40483.5489914565,0.5416464182167599,0.19688787177568357,1,4,0
1364.0316685517405,23,38,32176.001598996307,0.7582672920560591,0.4411505522306324,0,2,0
4145.400170668127,16,51,75010.09136720299,0.30690451319457,0.199411597758535,1,4,0
1790.1991002010104,3,21,41326.265075731324,0.4149712154000782,0.2644718166671908,1,2,1
1411.86320334003,21,42,64645.0078830058,0.712777676216831,0.5035469815118861,1,1,1
2718.05345495966,12,32,64680.36400344824,0.38621199281703067,0.06810902472352254,0,0,0
713.2118826240657,17,21,88815.10252957577,0.5885049351589888,0.2181743295932732,1,4,1
4012.962933962658,0,62,59909.370991677824,0.18537277908251149,0.9353781613071173,1,2,1
382.0077119620564,15,29,50265.14563520249,0.599771314970498,0.466116292658489,1,3,1
4934.565813636581,12,49,13973.245507012049,0.8615137072268936,0.4453865259778722,1,1,0
3863.5013987903203,9,49,11662.186907202666,0.8686396398234256,0.014567154751278899,0,0,1
1001.5912508555203,11,45,15516.72437177963,0.7243444063295397,0.24739974705834578,1,1,1
37.55536444677597,1,30,17267.66328457674,0.745753379076126,0.8662924359821813,0,3,0
4079.1525279896223,22,48,63823.92155709703,0.5579274451507007,0.16462842825866875,1,0,1
3537.2181457996094,2,31,74124.0269024304,0.5846680901658248,0.41512493953472107,0,3,0
3647.7457685245267,9,37,53046.153140349226,0.133650581410518,0.014330905867001253,1,1,1
3858.6390299628692,1,35,82918.87148129455,0.4438591884213011,0.47833548167055584,0,2,1
379.4828121531109,22,46,99127.19635068996,0.4507762838863638,0.021021106726217154,1,1,1
1798.7439854359204,12,23,82019.26164902367,0.9584978356677402,0.8196095530657999,0,1,1
588.1866070303972,12,49,69518.74913022832,0.43108686262328944,0.8248537674871036,0,1,1
4316.886095119212,17,46,53296.020673770945,0.5493426449027576,0.7877421883023699,0,4,1
3120.257652869514,2,60,44940.42186030335,0.5332513992791025,0.2833640688911182,1,3,0
1661.1811440147194,6,19,8530.79881639978,0.6367617170443272,0.8372372182218181,0,3,1
327.1561679272579,13,40,39996.93796462962,0.7482328313318959,0.5429981326052693,0,3,1
1561.8017853611543,19,36,91022.45021453522,0.22504187617087212,0.37380810886700244,0,4,1
1632.6647769134677,16,48,80821.46072766464,0.5287244190984357,0.625329959704233,0,2,0
3650.73482990694,20,68,21683.531364667553,0.8259177073160304,0.012341046060374006,1,1,0
3191.4117820625133,11,22,46714.117691251864,0.46311471383751146,0.14296087760075216,0,2,0
4437.191585455869,15,36,81690.64793559861,0.278457546373573,0.7422935381702628,0,4,1
2366.352476558127,23,51,6831.7170230737,0.6547090753562991,0.244161608716153,0,3,1
606.7752872321255,11,27,38800.519308299066,0.823767395799123,0.5980091173287496,1,1,0
3569.091488242745,14,42,85198.93956370738,0.06314029292739132,0.38510260282302966,0,0,0
3806.3173925983183,9,19,40449.396630595365,0.7767904834072271,0.8548057787992615,0,0,0
2810.7732158717863,6,28,7853.703008670942,0.8216479329617712,0.9524153059966436,0,2,1
3857.126227973259,19,67,54299.18341637192,0.4615229275886068,0.8835647283701904,0,3,0
2474.04002585831,4,48,86188.07524233771,0.9833056568184674,0.27061999469359665,1,0,1
2618.4368186161505,0,32,59069.525741020654,0.7867083407073091,0.19416286904608226,0,2,1
2143.429681609163,16,26,22705.282910601756,0.7736625648956658,0.474434893620735,0,4,1
136.84144245303497,2,40,38485.5380517244,0.7478385744120718,0.007334150836180275,1,2,0
548.3782206965892,12,36,45067.32378207503,0.150608103218274,0.025809392863181735,1,2,1
166.8316365768039,13,26,57968.70874667063,0.2172308864530108,0.5532906396230001,1,2,0
3185.687952206264,23,52,75959.16747268604,0.463990131464425,0.520449404165286,0,1,0
1578.6363455708702,17,38,9977.474402299476,0.26400434995946587,0.99458198903526,1,2,0
2547.767748911867,3,26,88976.23809845488,0.41524097233404045,0.2018418353637581,0,2,0
4538.756704891204,17,45,1329.7393313059515,0.8884641099229207,0.2581039291604684,1,1,1
1253.968223452886,4,63,37068.2282339581,0.8243268918792692,0.11354064232628669,0,1,1
2057.8107859477923,15,68,2839.2889662684993,0.6300398784799822,0.9175430096537447,1,4,1
3780.200181329813,0,24,39358.125111994595,0.8581203942511035,0.7778112444584507,0,3,1
1151.7028458031962,20,33,52628.67862744504,0.7837723890172492,0.8223391114568475,1,0,0
394.12975004567704,13,33,51216.97051949302,0.4289849318408905,0.9027637879645087,0,0,0
1455.8597500397025,14,50,16646.27186812371,0.20106515204994513,0.5248999867258383,0,2,0
814.4942233974821,8,21,64609.47695855167,0.5142010400093392,0.4511931914507237,0,4,0
4649.191285189439,14,21,4573.367205416355,0.7362288825285501,0.3303914736656165,0,2,1
4042.5206940264407,16,56,76214.4913312283,0.436419598729593,0.5892146143478555,0,0,0
3170.684744987013,23,57,94669.77895595528,0.6667719097838972,0.4542783967898225,0,1,1
4358.588345036711,3,34,34042.905832396675,0.09432742629104363,0.4515655866055751,0,3,0
4020.3236637265813,11,54,51772.21423326176,0.7480047363714034,0.9369278637311389,0,4,0
940.9845938413189,4,56,37953.13677807556,0.812713619893062,0.9840315142791302,1,1,0
4463.869402464989,4,69,770.3679913755894,0.7068378557805411,0.7964843893295808,0,3,0
2701.317787159097,10,46,38648.862839222085,0.9672635875263655,0.7567580902469283,0,4,1
4039.126374268672,5,69,79192.85390020852,0.8266520574606404,0.6805581617791014,1,4,1
4481.495586618231,6,53,59639.28533412983,0.9030937278765383,0.1660748523335137,0,0,1
1596.8373401096007,23,55,10215.865470054378,0.933571083457648,0.059105820875654524,1,1,1
559.159103393107,13,56,84729.23502040912,0.8013479918738086,0.6907263151132631,0,4,0
1147.396461084289,23,67,53155.42595403576,0.6742588420064991,0.728786222256576,1,4,0
2141.267865245019,10,54,84188.16383829314,0.005718581360789288,0.046972991098139794,1,3,1
4091.8936819532405,12,69,58064.12972662444,0.4658257532231247,0.9280517502288481,0,0,1
4305.045610449154,1,52,56012.875639310194,0.571162298622361,0.09114063944467754,1,2,0
44.69113135064161,6,24,10615.392601181537,0.3040302724479996,0.2859005337712024,0,0,0
2558.629039862053,19,44,16819.237340548934,0.31810444690347206,0.6723898127987045,0,2,1
2092.880905712407,3,45,97205.32312400945,0.9611594157101652,0.16987259440447633,0,1,1
1118.317974248944,7,39,22925.8260008016,0.8917108652027459,0.05541588844224443,0,1,1
608.1281829950772,19,31,97747.46658723775,0.8491790055017042,0.3311464891641498,1,4,0
1694.6997053041034,21,24,53238.07938177391,0.4060118017061106,0.7659715748551791,0,1,1
4715.11942252347,20,54,13665.325801687319,0.013698550408914545,0.41367867898526034,1,4,1
1622.7826307835685,18,39,10020.290055093925,0.08022224645571407,0.6529729219079393,1,0,1
2598.7652024993968,12,22,20965.520663503423,0.31219636821760366,0.5796190972281366,0,1,1
3518.0646048869376,13,19,92571.16926953105,0.015742912995676983,0.02221848202558041,0,0,1
1824.5117158726769,9,44,41473.60741038986,0.017149781915198115,0.9885399870457067,0,0,0
4859.192592777594,10,38,39603.88337249214,0.916603301642411,0.041428088819387754,0,1,1
4812.612001761135,1,55,31389.305480910385,0.7061585021190541,0.967802737648485,1,0,0
1266.393656168567,8,32,14791.47887160218,0.30895599006815266,0.5498641783643982,0,1,1
2491.2700444030033,16,38,48836.334599521404,0.13264457760095316,0.9631590270650665,1,1,1
1511.3827659856806,2,27,13091.773472862755,0.5116357178950771,0.11475359941383545,0,1,1
1431.3540669435633,23,40,83564.47561459453,0.005346160854364457,0.4904085191855132,0,2,0
194.06586729911865,5,56,37102.65892890312,0.938413743858144,0.16950409186605864,0,0,0
3051.726026559685,4,22,37542.87642140146,0.4148151193889472,0.05097487702244241,0,3,0
2518.368325912019,4,18,47453.24220546727,0.40233495523733276,0.6175291150623116,1,1,1
266.8789687374469,21,30,44468.35854525858,0.3905936075817822,0.20778342096169145,1,0,1
1400.445856540691,14,38,99486.31150862623,0.06932833038776476,0.587697018287546,0,4,0
4542.246770973602,22,43,54583.57400970842,0.6383222397918266,0.11236448194898563,1,1,0
1205.4138344281923,16,67,8911.350208608083,0.7330036196283534,0.33198647143270277,1,1,1
733.0254117352032,8,62,60727.04642353531,0.6761253975882903,0.7816325580532472,0,3,0
2452.3692737850392,2,38,15243.270857701007,0.1384354933293943,0.43705152184218765,0,2,1
4928.395766011898,19,35,3190.670708661063,0.5788401680355926,0.6277454148973364,1,2,0
1217.855804842387,16,54,97077.14115235709,0.5694844841722538,0.647457940745546,1,1,0
3363.956381555334,9,62,77376.53526430293,0.868410787941382,0.8437550439872936,1,0,0
3810.4818804903007,2,49,98012.88834213531,0.379127658375647,0.3249227944066413,1,4,1
1195.8113445220743,17,53,47840.05695742202,0.3714859436594342,0.6872955625825176,0,4,1
3643.7995795731795,17,34,53272.52736178271,0.6185270587181856,0.9616158070461657,0,0,0
1845.2378322690736,16,52,16916.86189632111,0.633072653499513,0.730243334357868,1,1,1
3165.2060946619617,23,66,24766.0519240918,0.46928522732579037,0.48987047671774453,0,4,1
3171.3132566968648,2,28,83871.06656879254,0.4430593623304211,0.6307174444919292,1,2,1
2683.5156735330447,2,38,35682.94614704765,0.4941476706378827,0.7396828977631081,1,0,1
460.5459525714974,5,69,82698.81588226226,0.8610452995033119,0.6122757656938724,0,3,0
4178.159452990298,12,43,70930.47105627447,0.46116690125391,0.016675813489839153,1,1,1
1610.692524208962,23,21,17799.375434659363,0.9399317919698225,0.19477349768722585,1,0,1
940.7273668952727,14,51,50793.89197536224,0.504003763596326,0.810468217215466,0,4,0
213.46795635827195,8,69,67770.99341971982,0.9492006931808914,0.2726506473124847,0,1,1
2958.5557865093265,3,65,23580.21775890213,0.8328319018690757,0.7315621195611339,1,2,1
3391.0461655929894,13,35,83085.78220095568,0.3624313226158291,0.3721202152416987,1,1,1
92.7732663500022,4,57,54528.282988764164,0.863641421296616,0.5218843281579432,0,1,0
2565.344360913412,1,52,16607.68083921606,0.11006328420111522,0.0679732998194037,1,2,0
1140.2139182377105,10,58,58340.144173843786,0.9250471753430145,0.18122556104970955,1,2,1
3229.4122241431546,8,46,99971.4090351758,0.6316435150828916,0.9571969635192346,0,1,1
880.0884807349073,23,69,15137.097017175014,0.05439074852231118,0.890138053446914,0,2,0
3457.779313131305,2,46,81694.01731894085,0.6442567236508115,0.6522751108990502,0,0,0
1939.8093780396816,8,55,20810.16941843704,0.9742476541447561,0.4596445973857374,0,2,0
4684.282643796305,2,59,78260.59411306272,0.06980065461462892,0.6757612928952238,0,2,1
696.2295112885063,1,38,73484.33451982918,0.5546877097800863,0.618610289093939,0,1,1
1711.92109174079,11,59,30118.889621483195,0.7477943497593724,0.5685522556046121,1,0,0
576.2328709905395,9,30,32649.729444688535,0.8102585866995313,0.05917707186354182,1,3,1
4624.221155210028,8,66,79272.88705709562,0.41382746532079584,0.6328026106615069,0,3,1
4387.923373371095,14,58,46198.40663754253,0.204166559168243,0.7689200445711684,0,4,1
1297.1287222986264,7,34,73108.7210683097,0.042342278772383835,0.9940816546455755,1,2,1
3303.3203897105536,4,26,14883.616321846892,0.5797261570972247,0.011078552594309676,1,2,1
4087.938779004067,10,58,85270.5224119652,0.4529110702676108,0.7301734533106766,1,0,1
2780.452049881317,1,18,71117.38319656368,0.948744395149711,0.5717893159359805,0,3,1
2652.9563859964724,23,19,90703.58660259991,0.060604907714909784,0.4340521760809567,0,4,0
1216.842931593254,14,65,13324.000665593749,0.6853953434460057,0.12757017457137088,1,0,0
474.58281135143704,5,46,59342.14858602371,0.02496622212005717,0.4090851486348762,0,2,0
4487.1066321871,7,50,59952.14644552849,0.17143417671054273,0.3543771829861353,0,3,0
4503.086105245019,4,27,35410.72798062357,0.4535789999228341,0.3028298889787422,0,4,0
3169.176271793607,15,67,45900.79581446885,0.4548724428028682,0.7308796233222077,1,1,0
1701.7586573330163,17,57,3894.3581726563616,0.6857005429336439,0.7007255212842638,1,3,0
1752.555777317178,5,38,74611.4178588385,0.9102130348677566,0.5890200909809116,0,4,0
3632.5188375624944,4,45,54977.31569237709,0.6390321589149208,0.9386648132933723,0,0,0
4486.58019716336,15,28,5868.33108173046,0.9535350978515088,0.34985438418085446,0,1,1
4436.561257082935,12,51,68107.5137067525,0.8816156398779976,0.24380193771017955,0,4,1
3901.578973829543,4,25,46731.529515395676,0.5844997955307902,0.6559033130983996,0,4,0
3213.737914309896,12,39,3542.6798165575,0.8337919509188273,0.19881406093740295,1,2,1
429.8584253252937,16,25,96963.81191212473,0.642577610323634,0.3150105071834246,0,3,1
816.5272833321227,17,66,94916.3030946351,0.07855783092372715,0.22460244007488483,0,2,0
4493.7854007501255,7,32,51338.95137310504,0.74056472325951,0.06915356771850123,0,1,0
3036.081007701354,12,34,9457.87482852043,0.09490844126734621,0.8274987416356734,1,4,0
55.89328756698194,18,40,75486.66003769932,0.5940827805697124,0.2545405429216612,1,2,1
516.3429989015002,2,41,49243.91690056233,0.7026402058582288,0.4730275033430207,0,3,1
3320.8738278491983,23,62,30314.50308110905,0.06652760821085524,0.04331527325431195,1,1,0
35.25730339263124,7,36,49192.67593510282,0.23079465392653176,0.6993394662526431,1,0,1
812.4321765733183,1,22,52292.1701260059,0.9156722322616498,0.3305610023062908,1,2,1
2748.1816089392646,7,49,56314.89873233168,0.6163144922328964,0.74473672782921,1,1,1
3462.5570364865393,12,61,44178.24899416712,0.24628601881053158,0.4124030604678661,1,0,0
3263.286684917977,12,18,60614.95478359176,0.6906797711480066,0.19575560640562462,1,2,1
1129.1038542081933,0,40,91881.5975895771,0.5967764199616896,0.5131750822820359,0,1,1
3563.774314524204,5,54,36290.58190114926,0.5015756999179484,0.1305045596374398,1,1,1
1193.8729466090324,23,25,72599.07467567292,0.9761869749880837,0.44053915987299475,1,2,1
1633.744493814746,18,30,89455.81042674079,0.6834537774075089,0.31730547742048654,0,1,1
3734.9921115389407,15,25,45652.3296484177,0.37544110966791266,0.9119595841996332,0,4,1
3251.6681662456012,7,40,44401.23805455222,0.800073432076868,0.06092872172071995,0,2,1
4247.624818365948,0,60,60251.48683694247,0.8845832929211878,0.694017414105742,0,1,0
3291.488332578713,15,18,59181.535266306564,0.12522055951683142,0.1827511659874359,1,0,0
2845.8599306440033,8,62,80678.27529839508,0.2005529778452665,0.31904507433223983,1,0,1
477.43709146218146,12,68,47700.69003945144,0.2162270091277797,0.41551406306206595,1,4,0
1844.9018572665732,10,41,99612.68266898017,0.6912118093865404,0.9080150893749742,1,2,1
1333.35981473181,12,52,6041.20972984135,0.6030395550532833,0.24257826607382516,0,1,1
1227.5083204616271,20,41,416.4680732121036,0.6189915646985882,0.09130880254467022,1,1,1
4865.322668214703,9,34,64055.81132480642,0.940773299689501,0.3186896039905236,1,0,0
1971.5576460871343,3,22,29913.647744951482,0.775911532807306,0.10467597053553335,0,4,1
4461.312310333796,5,37,24114.20063107843,0.12793692451178318,0.1285964859605525,1,0,1
3159.381743726342,6,38,31258.718092427618,0.347507082425181,0.5738505979750267,1,0,0
3976.1084046728256,4,57,25679.151753984934,0.4353936461757356,0.06090193309949332,1,4,0
2518.1590945949088,10,48,3175.9259610787403,0.3959615887476049,0.030930881393566034,1,2,1
2888.750384285532,12,63,97156.15093481982,0.6693086091618792,0.7144141014704978,0,1,0
2467.663292156131,18,53,22152.474296432898,0.8918931032565626,0.3616470948410445,0,2,0
984.262509112242,22,28,73429.5732826717,0.306051463522788,0.12537534923387328,0,3,1
3615.0360551549115,9,69,76283.37982994811,0.5518771364211856,0.25361277085970824,0,3,1
1411.0540885798705,9,32,92932.8140609222,0.7894094219135857,0.642086507352399,0,3,1
131.33667249295468,10,36,3151.8907636286594,0.41621805884534935,0.2755365671408512,1,4,0
3230.9067565767673,20,24,87217.62901085606,0.16811812839929585,0.4945211251204079,1,0,0
893.7822902411742,6,68,52769.89546589604,0.47495096526374825,0.12169530672667228,0,2,0
4702.888335921042,17,45,63291.156585586206,0.05522252074302847,0.588093637605447,0,1,1
4770.103599242911,3,68,64482.580684391265,0.9423834540022769,0.31607768384326407,0,3,0
4575.173307200038,1,60,81997.80071797429,0.07482120519497304,0.6269684345287165,1,2,0
1857.0919142746675,13,22,33407.39148369514,0.43845671525057817,0.8083948823040229,0,3,1
87.12851647904847,12,22,73331.81386701333,0.5298812610885262,0.6116464193899924,1,3,1
4642.309627312749,11,47,52904.95316124749,0.9853038322872855,0.29574756259502066,1,1,1
2146.6389001033986,6,49,79360.06202910424,0.16602182364286078,0.2557437015483004,1,4,0
4833.607547027911,1,25,99055.54867373632,0.11443151861235856,0.327420958733448,1,0,1
4818.463685675371,12,27,20145.036638635745,0.008706147062543579,0.16462051323650484,0,4,0
4266.517182782127,13,55,99465.39929184379,0.1555714368693023,0.18117185085002008,1,2,0
1479.2999714272325,16,64,9072.234212849124,0.20727297906766762,0.7906911019001679,1,4,1
1931.6376657236071,8,49,331.5230356909052,0.6305809415830923,0.38473257650744497,0,2,1
4257.171990869116,16,65,4511.777424165343,0.2197067903914004,0.43599518057058584,1,2,1
1591.4408057298256,7,45,34244.062233202494,0.02052081472932521,0.5940494655668112,1,0,1
855.7688059636015,1,34,63327.34243477557,0.8266183455024887,0.5896534951515476,1,1,1
2788.4382996671675,23,48,6996.0511346961775,0.36559570100396677,0.06737687152192573,0,0,0
4681.412323062297,12,25,666.0148715037703,0.35369668658073394,0.8315407863376656,1,4,0
3483.1886854081154,2,57,93715.3937430336,0.30247902916792657,0.17732655322393942,1,2,0
2854.6052387459313,15,42,82210.47093039897,0.9753732771464209,0.7230716360496688,0,3,1
494.910703916135,5,26,80937.3987967892,0.17011541730928148,0.7726709881281666,0,3,0
3078.886061228857,18,19,88453.98512264751,0.8982380639532351,0.7148995340913137,1,2,1
4950.368712020274,6,32,70033.42384993323,0.776803332139888,0.5789776465541452,1,0,1
709.0192360302549,9,67,10529.972561833336,0.07647995549931308,0.01460899710888286,0,1,0
2596.464965295046,8,20,39970.10878856493,0.9867291015008487,0.3603754923631707,1,0,0
4388.091628920498,1,66,72342.63369781649,0.27136596353901055,0.6048394293625812,0,2,1
3706.4354025934804,14,53,28105.412633072938,0.09858292702241234,0.3874512959225387,1,2,0
3488.108547566387,4,21,68771.89577721013,0.8293142341257594,0.8634798949128131,0,1,1
3515.395579095675,21,31,2547.3949819384698,0.7066755336776999,0.30880227534961535,1,4,0
1803.8608445865782,3,58,30683.120353871363,0.6172188058779008,0.29353479245866043,0,4,0
1475.0233028798218,19,58,54958.12059408955,0.15598086369893316,0.26599769309265797,0,1,0
4048.712165837783,3,42,63245.7739676736,0.4784961162559619,0.3327808689607955,0,4,0
4052.465839449112,17,67,57746.36237974489,0.7805560268872138,0.5574049643141872,0,3,0
4336.690869714717,3,27,69805.85197973561,0.30362393814384026,0.7070152942725908,0,4,1
4567.070357256792,16,38,708.2659491599231,0.31168982851504146,0.6625679177387851,1,4,0
2561.5985703160795,11,53,10184.025877754397,0.0031409060481221163,0.8077178199814796,1,4,0
2512.566310489126,21,29,86907.5308026866,0.17424340164537955,0.8859139954974249,0,3,0
3993.492943044208,16,44,68206.6895446071,0.8754056251218343,0.8160790423433513,1,4,1
3253.3200145810483,9,57,11381.87110433253,0.4417464916377071,0.018945403374354575,1,3,1
3512.8147175159397,21,19,84223.23629611806,0.984234499234434,0.7359179535519887,1,1,1
3981.0054204861444,0,30,24298.898660674236,0.39570796357379256,0.2083995736183316,1,0,1
4451.1266556696555,21,49,47878.16243110283,0.7151864547802412,0.13292804270798264,1,1,1
1696.5958326891637,23,48,14605.131637177563,0.28191904290472913,0.6384887847991355,1,0,0
1884.1589336733207,17,33,71039.9946365285,0.3638096411409335,0.3197431954076949,0,1,0
478.96987980593633,17,49,66718.75665932536,0.19072598759089465,0.05711716337044326,1,0,0
2895.6179035709083,13,49,21190.135869497004,0.347062368499395,0.13762973439836135,1,0,1
189.35194624574302,14,51,86353.73660901448,0.5472375204206431,0.0009294168699610639,1,2,1
2333.334110480976,11,28,40190.471819549246,0.9917728809792494,0.9032236273447073,0,0,0
2717.7967271908074,3,27,29322.257597967106,0.6642017130717857,0.02461798384123859,1,0,1
1439.8408481201393,2,32,15317.725987507092,0.19924595440831405,0.20945576950951106,1,2,1
2958.2579702393637,19,34,26690.184450302193,0.04496144159155113,0.41626278068790734,1,4,1
162.19624719585664,11,57,2300.489430259318,0.1263564813145106,0.3565713259508191,0,4,0
196.36746185857993,6,35,58367.42349636595,0.5625552012730474,0.9117258769127757,1,2,0
4114.776797691695,10,26,84238.8515597604,0.7651603288167663,0.040288945734542114,0,3,1
1807.3513006422017,0,42,54943.14689922002,0.9404192073007469,0.5122147076770516,1,0,1
644.0319581329051,5,57,22005.468796195182,0.015823171996820817,0.680479462524374,0,0,1
2615.9938676734737,14,31,3463.5509035658847,0.5227601415618698,0.9316979736811688,0,2,1
3852.267829962068,14,42,21541.344518554404,0.47086735622317677,0.620371252123721,0,2,0
1086.9469272092474,18,67,41670.530664302125,0.656055021975704,0.8037552360117627,1,3,1
3118.2234743368113,10,39,75985.18172710967,0.559578854465342,0.0837249378453484,0,4,0
435.8838503189023,22,69,18865.500968523633,0.6870391505824806,0.38593951093692735,0,1,0
267.8917886313524,1,47,72007.16619013314,0.6580825847491903,0.37394713447906747,0,4,0
2661.4596115250583,13,37,86706.65348835319,0.1170117248579462,0.8862882164557176,0,0,1
2707.7692568344314,1,38,45449.29012602487,0.7997179136187196,0.15137117126327493,1,2,0
3190.775208476051,3,61,82161.05596509507,0.12323257571632484,0.15188617233663027,1,3,0
3633.195755276081,16,49,55510.269068706046,0.6985306252091371,0.32855814988579846,1,4,1
4879.5018765180475,2,68,63745.374624382406,0.4161453676406067,0.05446604736683758,1,3,1
2586.3387380229647,12,63,52675.21818778645,0.5138507345765979,0.18245804065249005,0,4,1
1621.5527999768174,8,66,46370.95440345904,0.9032980143757106,0.9652096385457352,1,0,0
3977.9791118958315,6,38,23541.87883340735,0.8898837264734866,0.42818393986717285,0,1,1
1361.4529337977503,14,52,30389.0865401585,0.8178563056550295,0.6320192084224364,1,3,0
2200.4673893211243,22,49,29068.01488246654,0.5101483804563233,0.7261112593446369,1,3,0
401.4973428979071,10,47,56372.56420228609,0.7362398101338331,0.3669614070072005,1,1,1
136.50020964313296,19,56,12083.373933086603,0.5128970555188094,0.14722707441051697,0,3,0
4813.615589242846,1,66,91687.48990116328,0.8696060824747774,0.20658101622178082,1,3,0
4181.540801355907,14,29,72093.44901378301,0.4027758332328999,0.31326647658061035,1,4,0
3482.911288407553,13,58,40204.418528228045,0.9702353444148768,0.6360684203522257,1,4,0
2050.675192627207,19,64,15946.552038185158,0.9323227582288776,0.3982805490890544,0,1,1
874.7386571535204,21,35,88211.01775519142,0.7416026194517855,0.006814697900128119,1,0,0
790.6208429287194,10,38,82395.4312011064,0.279415884176072,0.5234071850674719,1,3,1
1258.7120618413308,2,30,72199.98311644621,0.1316535887932584,0.9215133919074179,0,0,0
2750.6410568835413,16,38,27227.550036383112,0.8547034500931975,0.812077611008679,0,1,0
3575.833654273311,11,25,40304.41907962353,0.16530228613796127,0.8252113712596311,1,1,1
3304.384909821479,23,63,10364.550419997095,0.8542607889973357,0.7950580176061312,1,4,0
1406.8701457602547,20,57,18985.04852028042,0.49076500671236045,0.32373082561042366,1,3,0
4774.777750509338,14,63,78323.36206794162,0.4065567838081042,0.765193833754392,0,2,0
3692.105614311885,15,24,71532.36801318331,0.9031907788344291,0.143161357811193,0,1,0
2776.2267220318895,4,40,59389.22772129587,0.6038509825402779,0.6577161472759535,0,3,0
3062.4865237094177,19,61,89583.09992002467,0.5766140071297178,0.6415685666849944,1,0,0
2103.8043115146716,5,49,58368.32512952323,0.5587659446243977,0.02556979908973467,0,4,1
1246.1776376107757,18,28,46750.10319636471,0.3711695160195314,0.7879701335909316,1,0,1
1786.3036664697954,4,39,34103.037555945695,0.7856431035291273,0.9032481050951305,0,1,1
3791.652091217202,2,39,94050.80572304364,0.252798444015773,0.26741527847210766,0,1,0
81.82350826248178,0,60,8363.274606282914,0.938894960041275,0.8123907241861509,0,0,0
589.202476129512,5,42,93095.64846887476,0.8939852050469608,0.0824059718619482,1,1,0
239.55318368854623,14,39,82688.79452710874,0.33748032567489816,0.599967858261066,1,3,1
213.23672357166097,1,45,13079.999461116558,0.7294637698316637,0.48564686533427714,1,1,0
4278.748314214926,2,46,56541.93733175783,0.5732231944495915,0.545923533309,1,4,1
3521.252718306318,16,30,86668.14337673377,0.3376493019992346,0.9262052018843451,0,3,0
2376.127407145753,23,35,57223.73544435466,0.9885216479954467,0.8713152472468535,1,2,0
498.1924616484974,11,19,90729.26217390617,0.025237345848264203,0.785083657239757,0,1,0
2463.1632168329934,17,46,94304.08329992264,0.25264603062128665,0.273698457678371,1,1,1
2372.624136195023,14,38,42296.21376621216,0.5200740611111504,0.9118186286860916,1,4,0
874.2773308509758,11,32,37793.63477449173,0.5219530034785639,0.09750769246387525,0,4,1
2174.9197296974853,15,69,93638.48328151877,0.5889330749455641,0.8533292165587878,0,0,0
1998.5386246428934,7,44,67546.49210885185,0.7516761720229193,0.3281600723536078,1,0,0
3083.09198928056,13,67,11690.665866682111,0.6234778305192964,0.053772311661983374,1,0,1
3179.1173178295426,16,48,4324.9457473458515,0.600281460528037,0.6693569842407483,0,4,0
236.06700876250216,20,32,56506.44219462659,0.05351446291304329,0.23127992831595545,0,0,0
1879.3169469860914,7,68,93024.07944729862,0.3765302877892983,0.24357112586463192,0,0,0
3133.0409794140396,14,40,84440.44537034126,0.232055739701156,0.3060471662287715,0,2,0
2520.6499303146375,13,41,67617.18987178721,0.26537011160197543,0.06368476750251673,0,0,1
4283.884307529728,17,61,13997.673304219643,0.5543374743403449,0.17712714419825404,1,1,1
3296.8812217785357,19,30,25497.71523649469,0.19950531492960843,0.005139627585560302,1,4,0
823.0427911363341,6,39,87563.57153260635,0.29394910101689753,0.4454095211057868,1,3,0
362.1380495281449,2,60,18362.442942024358,0.2370847085173401,0.08425537741797129,1,2,1
3215.672198249515,11,54,27916.096884218412,0.9485029432181947,0.682652605044199,0,4,0
142.29143960269286,20,50,13047.105054424652,0.9446657321710952,0.23562285119164839,0,4,1
2933.020150554582,23,20,67643.21231829967,0.6099415585960517,0.9435741440351771,0,1,0
4701.748904710538,2,36,94403.83230578464,0.9245224687318999,0.8712516273986526,1,0,1
2881.616147600636,19,40,26969.90635637906,0.7858126454683731,0.28944089496820824,0,1,1
1946.9679317705443,13,46,47593.12012422236,0.5899478828018088,0.7832154546566787,0,0,1
3220.0082100273426,14,47,63470.53999714931,0.006435211496795712,0.8032449046648062,1,0,1
2296.681923552668,13,56,99946.6781967415,0.772516286079404,0.9865631141144104,1,4,0
2732.6277786865153,6,61,10570.325693257455,0.7024883415884688,0.597839986845685,1,0,0
4707.909395794861,16,64,49907.222870620346,0.615253653282414,0.08196573464366219,0,2,1
1936.6521626258634,11,42,38573.49997825976,0.7604243116824717,0.646837228926381,0,2,1
4806.340913481332,19,54,86595.43450571327,0.5129221647747657,0.6249797483760352,1,2,1
4527.699703360758,3,64,47649.17632806442,0.7040832713213391,0.6383505774204318,1,4,1
986.9977625985892,8,25,11186.654706056293,0.9351720867264933,0.3071456481042115,0,1,0
356.11289136707563,5,59,63478.972114129705,0.3758050158460863,0.8596795850803329,1,3,1
512.8822268733591,15,33,77100.98376456159,0.7081218349006254,0.9594721829554119,0,0,1
100.92691000123314,21,25,387.8370413948978,0.4756878180109587,0.21771251297815153,1,3,1
481.2703741720827,21,18,85909.7728735209,0.6743996518139815,0.08815215813664445,1,1,1
3418.2037993476206,20,61,18683.697700565997,0.7628933355543641,0.19453503316848408,1,1,1
365.23135581654265,20,22,55251.72952887245,0.04545250043579596,0.8205521392557188,0,4,1
1601.688395165869,1,20,41638.17031867627,0.6466004439486619,0.6766446348198475,0,2,1
4225.927801737578,23,18,71993.41627939198,0.22674118440694457,0.6360473423391266,1,2,0
126.12695932177107,7,21,37179.04531709561,0.6700325378075668,0.4017931351094245,0,1,1
4074.1977281187897,10,57,86989.3413505029,0.4683301859338135,0.5778279715114357,1,4,1
1416.4553261192657,12,52,73076.58645978314,0.7735527418648872,0.3078741252743674,1,4,1
599.6424898320647,16,49,64806.54578918585,0.12340081520559643,0.4772000794179613,0,0,0
3486.7184551671116,7,59,79644.43549672914,0.6263223516561951,0.7930630283706559,0,2,0
3148.4248054316213,20,51,75426.90118934539,0.2784707289275523,0.9812415974554621,0,1,0
4388.585347499994,17,60,3690.2736246631785,0.8529819953305915,0.9324889235898018,0,3,1
3678.00450858139,17,42,39533.96194909833,0.9283835056363074,0.9338659428462488,1,2,1
4019.3698426203946,13,27,93087.64900191734,0.9963982936790554,0.4022237348471124,0,0,1
1417.3525171308193,14,38,12659.854472323399,0.7960074024272833,0.46878988050679093,0,4,0
895.4233234608168,5,63,73735.94538816193,0.7537340704280046,0.7056353963689815,1,1,1
3755.567610687883,10,56,97461.72195239943,0.21550075886755105,0.9221919280512842,1,2,0
4036.1053489436476,12,44,5314.643041592666,0.33600705899010874,0.14199425935208465,1,3,0
4952.62065858336,0,44,68251.16867459839,0.4656825417622795,0.30424186382719576,1,0,0
2068.962207788018,5,19,46868.598715972934,0.7733810477822497,0.13924684459410952,0,0,0
1866.370248105988,8,58,57959.60801193474,0.9149658650779686,0.6120085299594553,0,2,0
3884.3006741025642,7,65,8625.599514784053,0.18913910002298462,0.30630099688753754,1,3,1
1710.609665862559,10,30,4396.394491507254,0.9223674846701029,0.32610785251257346,1,0,1
4654.479054761788,21,26,66719.97938903708,0.695624652354058,0.07091595948797924,0,1,0
4293.4796316966285,18,69,82348.61203908971,0.6107707306850386,0.34979606180759193,0,0,1
2150.680196601342,23,53,78223.33195980343,0.19984127128193951,0.8624965074015853,0,3,1
3756.846628279572,8,39,54426.192213837116,0.055525032809150554,0.23307281189083495,0,4,0
3775.1689416825648,16,59,10076.6954315042,0.5684648985079399,0.6951874662100657,0,4,0
524.5881054913037,11,43,68835.63993921778,0.6515156833288924,0.6296283449385927,1,2,1
4513.739004331038,13,29,24264.69946705918,0.21078144935468823,0.8634846083691153,1,3,1
2531.2093385148073,14,34,91115.76340646163,0.5564562058254564,0.13228794765103824,1,0,1
4134.0227558776305,15,31,83842.70941861592,0.8564934027625736,0.9775899603450432,1,0,1
1607.0475091427527,21,31,70967.35841203036,0.83506594545502,0.5826286460403656,0,4,0
4478.66091019604,21,51,94889.71098752992,0.9273551805862972,0.9954741523468144,1,4,1
1952.116376883474,19,37,3239.0399689761657,0.36588580955688044,0.9115147258658508,0,1,0
64.07988088668881,0,28,73646.42246357012,0.3180495725509187,0.2215172721131058,0,4,0
4527.8560623321255,9,33,33091.253655706896,0.7494260059808087,0.056162009903313104,0,1,1
465.52051716280647,7,68,90615.9819800679,0.431112405097005,0.25563909379536154,0,0,1
1603.37505157617,17,48,26740.85214653156,0.08754866402778061,0.5275636489994199,0,1,1
4750.809215583517,0,23,72513.1642815702,0.2828011306704997,0.17159636706519,0,1,0
4753.529663218405,1,36,87776.93726311307,0.41858228553148913,0.1674597445179885,0,2,0
2871.455061735198,0,54,4261.516156429974,0.292516425476252,0.4625935471051531,1,4,0
3162.867688727298,0,21,39824.99320124441,0.3322055709473216,0.03326797116935842,0,1,0
2247.743154671816,8,64,76254.67229899167,0.29377590617439076,0.12188808253227046,1,0,1
1473.121750773342,12,21,45546.39706180795,0.041499167183079444,0.41586133940794756,1,3,0
1650.0360813958807,0,37,26798.53771638017,0.6370947008244425,0.06312990920796646,0,1,0
3365.8670958244215,12,27,22058.554347436682,0.5972924203534693,0.39675505645552933,0,4,1
3764.348901894023,19,41,13238.674864946153,0.6533834984786806,0.4740062659484451,1,2,0
3959.979428191984,21,52,85727.2430296426,0.19230989603362747,0.4512666140731144,1,0,0
3950.1945325448237,6,43,57578.004784830446,0.2956545416124853,0.8691748574030873,1,2,1
465.11845421296493,1,54,7730.856004646453,0.6196159269449223,0.5300624550517324,1,3,0
2477.1573204658816,5,55,38319.77432470648,0.5996275684599214,0.46798046247804337,0,1,0
297.21821248305497,6,38,36836.59171543048,0.5063303093542678,0.4107092453916662,0,1,0
2752.1491227954402,13,57,18255.74515187535,0.3504132500101974,0.8176233783044862,0,4,0
2213.2372018531514,17,56,43607.21178467185,0.9129310047746899,0.8950566039998331,1,1,1
4439.643871963915,14,38,33276.72660277433,0.3397702422988438,0.8532424691971175,0,0,0
1761.0659126348726,1,27,34246.190178669036,0.4556191564372516,0.6735465781313908,1,3,1
594.1644119737532,9,55,73928.75312301707,0.6781138309542087,0.13736174596867423,0,2,0
723.528493443651,22,63,22404.01221196911,0.5430214308667641,0.27686996949201226,1,3,1
3809.9380522701863,11,21,64221.80988965,0.34688597636438556,0.046063063681977434,0,1,1
3094.908135948143,16,62,57107.89742570539,0.43564479045650983,0.9308240749901141,0,2,1
514.6021538527234,7,37,56852.44198255294,0.7944808178535061,0.6607985296909104,1,4,0
429.6929625138372,10,34,66334.43387956341,0.27812915548661243,0.7463628843132415,1,3,0
3507.835965981009,2,24,54883.36541594583,0.14225523977681542,0.31157173958222895,1,2,0
373.0874017573257,5,21,87937.58597315382,0.3131632018297771,0.8456535222773424,1,2,1
4111.0816958588775,8,46,67590.45118583096,0.8495342154879013,0.2596032837084785,1,2,0
3534.148713510916,5,31,54741.628812001676,0.08898971485634666,0.0016437571124496841,0,0,0
415.93041540307985,8,20,82993.33571673572,0.9916960733724518,0.37641496252069395,1,3,0
433.34019328510766,6,41,60654.04183685462,0.5410028989276625,0.5707614809590734,0,2,0
4933.331496720865,8,54,29185.310353739384,0.984845743967094,0.47870485796552253,0,3,1
1877.6112708230405,17,33,20788.782325839464,0.9389964220859776,0.862076142576597,0,2,1
1859.5043138637857,11,69,15317.545787701612,0.45281371421091676,0.10540528595616694,0,4,0
4065.869840614938,7,21,89955.57573335555,0.1984910746053491,0.5538234406337256,0,4,0
4736.770401145455,7,41,71042.52963662677,0.16488477656513845,0.5129793498209074,1,4,0
4930.145308476126,17,51,93744.10597261564,0.2399893638699575,0.281392982172163,1,1,1
3769.3571444421186,19,47,60368.851390922806,0.7101326405645373,0.8222281125770106,0,2,0
1887.5353317992697,14,35,47392.748061341765,0.27294999473148784,0.7528486558822063,0,1,1
426.66857632635714,6,36,6065.677248191843,0.3414252696042983,0.732859187331831,1,3,1
3887.9631104779096,10,48,67197.06392644838,0.4487788039946148,0.876192478269556,1,1,0
2796.437206181667,19,36,58262.65510084629,0.9132326804214563,0.7227846006215212,0,3,0
2126.8678261424116,15,66,99021.86846940339,0.1893934178848461,0.23184129171472645,1,3,0
4532.708381622732,3,63,23991.96190044608,0.005026552609803114,0.7055627116496911,1,3,1
564.8754367076951,5,36,53120.661793154904,0.06009641037817015,0.30770281338984384,1,1,1
2468.1992704113873,21,39,65130.63777829546,0.9047663416801179,0.24217465034747054,0,2,0
66.65468738942116,2,41,64494.65835676013,0.6475164648433631,0.07300359289962732,1,1,1
2348.61660355069,8,62,56173.224940545435,0.27304061932780677,0.7440285803476767,0,2,0
290.9533456523684,9,29,77715.10823168982,0.1771925010111911,0.7110009619498112,0,2,0
602.9014021776788,13,47,20577.62283172896,0.29426673663711433,0.23449947767409374,0,3,1
596.4559714177534,10,55,72590.15730741415,0.1147969272512801,0.749379016724156,0,1,1
3249.559407559157,17,48,62011.48368616561,0.9415329102844411,0.917840883093553,0,2,1
3732.763947534462,21,53,89617.90366827788,0.7842061743652669,0.10802895749157926,1,4,1
2921.0101378348263,11,36,84734.72445945481,0.4623911769125407,0.23263663838677495,0,2,0
4811.241016887964,22,65,31583.189209342072,0.864962605115202,0.7502607940873155,0,4,0
1880.6041918232834,11,62,27696.10876501779,0.2494582042932323,0.27450667350707825,0,1,0
1435.703310546485,12,53,98167.16705285954,0.7171205684721935,0.6246639742837168,1,1,1
4344.309649665407,12,47,52773.79157343413,0.8561324990137434,0.08116422446371452,1,1,0
1125.7432342120687,18,66,90651.45429505224,0.3567687116232726,0.4522024791035387,1,2,1
4816.480471808651,18,50,16471.714275670172,0.7574644454507177,0.7390914219929531,1,0,1
70.65082870218355,22,35,64317.60958853741,0.29507234926430936,0.6865139430432525,1,2,1
4849.695345271119,13,69,81005.03271732255,0.2988571352590308,0.8150721006758068,1,2,0
225.3679606333748,3,66,94744.78543368603,0.10705717855418606,0.8774521266031688,1,3,1
4456.804137353375,12,45,33800.280087600644,0.4400580465093987,0.7731835012587582,0,3,1
2643.228534340636,7,64,72525.61887541284,0.7297119064974222,0.671587742938926,0,2,1
4964.894332635308,22,28,53927.41960305794,0.940220805571285,0.03172249181603115,1,4,1
378.24485802964034,20,62,6156.829714040173,0.6037969919290961,0.534966673409444,0,3,1
2773.7328791625905,22,50,69030.97375716345,0.863135537735739,0.03769772491485279,0,2,1
4846.819652739304,18,34,69040.64616796056,0.8224946492902271,0.8080678171160226,1,0,1
2620.2582424090424,11,23,93067.61980416905,0.17334305297528085,0.3207245244599576,0,4,1
3150.69920429496,17,21,49781.513372280344,0.48581742891263147,0.5624293741179209,0,1,1
3481.7859580332397,5,37,23102.066978980416,0.11692353552539148,0.2794453073189026,1,2,1
2278.1599131911885,17,65,4551.925962523047,0.682153161561635,0.7825001443802936,0,2,1
3141.5148196194764,18,64,41622.65444992198,0.949899668246076,0.8865025266419025,1,4,1
2925.7284164962703,21,44,30261.478337742432,0.1370894580787565,0.39864249421306397,1,3,0
4506.778472350035,4,32,76132.72177178517,0.7338831308025413,0.862922393510989,0,3,0
236.77743790387478,23,23,35491.34970762055,0.632238150867861,0.2670750074563324,0,3,1
1412.0063160652294,8,64,94912.21251185291,0.5836050370080997,0.5346609230755238,0,1,1
4752.553305542028,2,31,96234.78927847964,0.39012023468833923,0.858761429838704,1,4,1
4452.416281615672,9,28,62128.76816274904,0.35513164775381256,0.3258813426157904,1,4,0
2283.7271964007077,18,56,92873.1626727868,0.04524918901888786,0.9540422650780858,1,3,0
3104.461663029668,2,26,76109.34901699811,0.21790870825201347,0.12187950178138363,0,3,0
1394.132103075852,21,43,54731.27813341511,0.015176882286826898,0.018275069723506232,0,0,1
948.7245870215689,14,33,18112.762748735535,0.5814171055820205,0.9041353525781907,1,0,1
2323.855040650511,0,22,45913.93455703261,0.10585323587790885,0.06864866614787224,0,2,1
1773.2276178500035,6,69,56131.3588899255,0.8730193940297161,0.9918891959474917,0,2,1
2922.4439981358514,11,27,86409.76191542752,0.5231430206971652,0.9513968619791061,1,4,0
397.8958384552743,16,67,48185.204315912924,0.6996899090587084,0.13702091003632066,1,4,1
4872.230090254171,20,20,89777.69980052787,0.41085709184049646,0.5375846256925658,0,1,0
4931.191614953218,23,30,67467.46300444455,0.5605798090010486,0.18492029746714433,1,1,0
3493.826952958528,19,60,13786.20639906177,0.9426591769666305,0.42815517303011985,0,0,1
2685.120868057161,4,66,99498.63879557679,0.08273403962367076,0.06142512925983268,1,2,0
1554.5428052687755,3,47,52770.54280931587,0.25393777192369615,0.22392458779658952,1,0,0
4070.837148337674,11,62,39246.64381126698,0.7799883269105443,0.36327279639889953,1,0,0
3426.8085510438577,19,23,65945.4650705057,0.09873720688266585,0.4386475002460548,0,2,0
821.4585273310075,23,34,10978.442066705804,0.07566110390411085,0.9774962582088932,0,1,1
4555.526650624274,17,62,63690.2108106601,0.36154139875403857,0.8078656456839812,1,2,1
4114.460842186613,16,68,49873.77644987737,0.09216795847243231,0.7374099443119462,1,3,0
4749.501567326701,18,36,40726.73959285845,0.5850784422062031,0.5370413147419743,1,3,1
3631.3403468579163,8,59,95306.70011577202,0.22627525081659983,0.8399977606043434,0,3,0
3070.9418277195914,3,52,52301.71770153212,0.8956979631993723,0.3393228356557111,1,4,1
2097.032751090188,20,63,21989.836199046847,0.7835000808452567,0.7088991127733161,1,1,1
4664.315131936526,1,43,45950.45158979214,0.6997052060994762,0.9937839753781721,1,1,1
4331.658808607038,3,68,91946.80171681,0.6169440273845019,0.3146289089351988,1,4,1
235.64116382988513,1,22,17691.937585926407,0.8634657303414633,0.6740175348839673,0,0,1
141.5712027412875,14,46,21474.308164954866,0.22306206154275687,0.8443148641523824,0,3,0
1888.5522007214674,1,54,1401.6538189326666,0.8731088427642276,0.9158075833506722,1,3,1
4054.6611206013463,3,37,1517.5859346371412,0.7894922984240523,0.7179326909401018,0,0,0
4936.507885281573,5,66,82956.2235331554,0.7481608263876856,0.28360792341713625,0,2,0
760.5802866066057,6,38,73239.04842361128,0.561255678074924,0.32628215156894647,0,2,1
2974.712269607154,9,27,35568.60153955063,0.2462441609706001,0.02075803212396421,1,1,0
1910.6453745887973,18,22,69861.28460703451,0.42354791599189634,0.7608859776715097,0,4,1
4849.87284509487,18,53,39581.07203836602,0.7935706545388016,0.042739606061951374,0,1,0
4212.173426447186,21,23,95294.38992018296,0.031778484357324444,0.8646523546027457,0,2,0
4193.260236508578,11,43,96708.56287446088,0.7820507692637583,0.1186606144745388,1,0,1
2348.778867376902,2,21,39340.0982033534,0.2400707404875665,0.17187651213592425,1,1,1
2079.949316664949,12,56,85436.76844345272,0.14430920072160303,0.4765264708322373,0,3,1
1374.3012889342242,17,56,77331.59526557688,0.11570131818030216,0.7378804151687424,0,3,1
291.3137282881263,7,67,31068.993723461754,0.027250011950815112,0.1390022051990777,1,0,0
4324.964657512715,20,52,23280.778907220487,0.5235864852214529,0.44007107506649845,1,2,1
4066.376035559087,14,18,45877.6415742441,0.21825987269372948,0.4828512744101048,0,3,0
4998.591189697791,0,41,78156.74917737918,0.9894317657796315,0.21228564166859132,0,3,0
4983.217816998788,2,53,96020.76169440166,0.5744367558722058,0.11555837668063174,1,4,0
2781.604210957111,7,23,76381.5489797706,0.13788526935601042,0.8364209229856395,1,1,0
3847.2472017507475,3,58,85535.17780333516,0.6887625408113653,0.5024656497627655,0,2,0
4724.380992113316,15,63,60346.1241864346,0.8977435665097253,0.014381235984152974,1,1,0
4249.740479480283,22,61,83557.24230112838,0.7451794953696144,0.8029813013091038,0,2,1
1244.2670276985564,9,48,78463.64371454142,0.07643986103944767,0.9807938054145848,0,3,0
2258.215235197367,11,37,37760.85563843538,0.8958841811926596,0.6059261954142473,0,4,0
654.50548160596,13,41,55243.831181860034,0.7939293858599648,0.5037083870840707,1,1,0
4770.714626021025,13,42,80494.83688677051,0.15830390010561435,0.8784158630449617,0,3,1
3034.8114259098916,1,53,4701.067745576642,0.051785888732816865,0.9525167896845986,0,2,1
1150.927599462279,22,38,80827.12030734742,0.5573105753143085,0.7545369159024605,1,1,0
3361.786415185225,4,47,17871.02359249744,0.1560358113399769,0.44545292973428785,1,1,1
3094.4599198849,4,41,51516.893350431754,0.834590952595272,0.5922213993314405,0,3,0
1797.2319629838742,5,61,80846.71641163816,0.35833465667167375,0.7009353650179992,0,1,1
576.6523850761488,12,59,25456.725707853817,0.9128924447365754,0.19427357100180143,1,4,0
3361.15024600807,8,47,24656.163186684684,0.5656881721410058,0.44720103221643803,1,4,1
2606.3354275099286,21,39,40336.16340637896,0.18267238423966814,0.829821264717285,1,3,1
3863.86877476084,14,45,89474.8154780057,0.1395988673598001,0.654725348498443,0,2,1
2605.615870548847,13,24,144.23386557706763,0.5764724375577539,0.4112040672118541,0,3,0
4262.385686589515,23,52,90148.1713545293,0.7618836118624439,0.6633625340146814,0,4,0
2764.015125484683,6,45,15465.321761696618,0.7815056477421821,0.11822241207245987,1,0,0
2809.0804779615773,19,31,99009.62896914146,0.2757574044412813,0.4014976105648763,0,0,1
4384.501477265142,1,27,95489.21460454297,0.20424675891216748,0.7931285379630564,1,1,1
2023.3795023998612,6,33,49518.051440169205,0.016756304492382412,0.220508787136648,0,1,0
678.7359899686973,5,33,51320.752756481554,0.6791991512011694,0.1859615075574177,1,0,1
153.62555480356147,16,48,48206.779093557845,0.07656825843353898,0.9508186599164314,0,4,0
3778.1349058113587,1,59,63580.820201386305,0.4207612017659258,0.2098976295862307,0,1,0
3105.3446612537887,2,42,9163.09805326961,0.6016821640182961,0.26091857965016807,1,3,0
3523.358042815126,4,30,3358.533039322494,0.937108944919677,0.969615938904338,1,3,0
1072.6911659294647,4,23,5864.522548748296,0.31180213695576864,0.7347085702650257,0,4,1
690.4936631779811,0,61,44492.098389227285,0.24977216244651979,0.6995965330235282,1,1,1
82.57788168273082,7,26,27627.23912802639,0.6541601542860984,0.8529263838545813,1,3,1
1759.431918444919,11,62,62241.75228086228,0.6192390320535817,0.11582308223679427,0,1,0
2953.689257404619,23,53,99244.98470854042,0.3321097833081246,0.7059562365800072,1,1,1
1967.2977850476643,3,60,38693.684990338945,0.9281018355097865,0.5036886093282389,0,3,0
2192.999860898408,12,37,57426.74128504089,0.8448623274896327,0.8291506402841399,0,0,0
4521.751885523805,22,35,41618.82920114281,0.22398254586508115,0.5081417186651943,1,3,0
1747.7947804462688,14,60,84742.43960541375,0.23914254543452318,0.6202413542689121,1,4,0
2574.807550907456,10,38,90233.4167058776,0.5123003468870806,0.47774212639953595,0,2,0
3920.428533578304,9,21,87747.82565930548,0.7735721017307203,0.4781589235558441,0,3,0
1988.748483783138,2,67,97439.78664405784,0.04404037938846439,0.7679699780618315,0,1,1
3114.2126341370886,21,50,2849.1665955274875,0.6933351537347067,0.6285664006472832,0,1,1
4313.1949066462585,13,44,83997.63459833855,0.648235897382097,0.6332632016094104,0,3,1
4748.107912051634,15,24,75202.04008660541,0.23148009591298824,0.4502824838315258,0,2,1
743.8966698358993,9,23,22946.57149909644,0.6813530132413488,0.5311094963375276,1,3,0
4633.672249555857,9,32,95636.377329414,0.9401831912520826,0.7457176662047873,1,2,0
2465.6603024668957,11,35,14902.975030171552,0.04678584497176852,0.8259409191119182,1,2,1
1298.6394976118022,8,49,67987.03772067744,0.31965205529206253,0.6965614021440462,0,4,1
2301.0874236289237,0,28,22566.532659909655,0.43817671666635527,0.9240729888456831,1,1,1
4900.36255067453,4,37,43194.92681253006,0.8992603589246896,0.8203240881472009,0,1,1
2468.1642890244193,19,41,71944.07370476244,0.9622614466091567,0.5618637898095185,0,2,1
1650.470535334666,7,32,56376.13173910136,0.44411524649633227,0.6714060726437369,1,1,1
3170.6702630404616,10,65,42807.43294967836,0.7500284121421912,0.926308276921196,0,0,1
1208.3266377031835,11,24,32701.209250105523,0.531661023764483,0.6191680442430584,0,2,1
388.55800726223293,0,38,83981.99960530816,0.5377829347413765,0.8248069479798307,0,1,0
653.1098123341396,21,59,14467.05359644989,0.27809951506635644,0.6888105035899871,0,0,0
648.9487363992845,19,43,43067.27736532703,0.21695624586387952,0.5519363610604665,0,4,0
767.9944406263488,10,61,90385.38142033671,0.28800534592404115,0.24183819541535312,0,1,0
702.7475915205566,4,31,84600.37009095078,0.5563280072570793,0.4259975194684281,1,0,1
3207.964976568041,14,54,40154.08207105737,0.029155186022088997,0.9677428248337157,0,3,0
917.5816211517326,4,38,76334.5255237707,0.9072489443564058,0.6577653832726,0,3,1
1734.8797437860774,11,35,82333.76698781503,0.15628370954977622,0.5643953803389896,0,0,0
4484.974165430999,4,22,88899.85365796261,0.22008867687138656,0.9329566255282273,0,2,1
2375.068584911733,16,20,54496.126328017875,0.5182761764476463,0.5865117810374487,1,2,1
3341.1131152199255,16,40,20525.642516865708,0.7101147663372793,0.526082518417403,1,1,0
869.8761572961329,23,43,25605.37674274277,0.0957290547443973,0.7593108551502052,0,3,0
969.5222038552672,11,54,29639.89793675626,0.3176946975471622,0.7126656189865445,0,2,1
213.93439516972953,23,41,59420.86783288059,0.9686746055743571,0.19316000840843273,0,2,1
852.985964730101,14,66,3377.681450447983,0.2623429667809457,0.47130827457412117,1,3,1
1400.1657917694736,14,36,63640.64263111883,0.3130501450631469,0.47251544281958524,1,4,0
893.2823165409666,5,68,36498.98841898038,0.8364984906180335,0.37822451524334477,1,2,0
452.6256434477075,11,42,29594.656068715252,0.05021443169045525,0.5172934821522531,1,0,1
611.9729967919981,19,38,87961.70741573983,0.46461316880897086,0.4131073977271442,0,1,0
2309.286052483302,17,29,46054.23931852181,0.37961676445167025,0.19934548947118313,1,2,1
1039.6052548449047,13,58,9595.799248716008,0.31658675990865115,0.41236648727468106,1,2,0
1827.7066066298964,1,50,82692.00212582208,0.2856995940447645,0.0722769475731766,0,4,0
2522.0521815657357,8,67,4859.3616179070095,0.0913741048604092,0.5757858627744116,0,0,0
3455.070194860533,4,21,72702.24749440285,0.3148258293516488,0.8536545489411119,1,1,0
206.1675778070837,19,59,77413.23155488945,0.04305240271566857,0.7252870843545552,1,2,0
3999.057890556123,0,24,35325.00033229293,0.7809638636444353,0.36039404005411124,1,1,1
3143.2229435596296,22,39,82496.3068421509,0.39822779395801167,0.08707120557730819,1,3,1
417.9775694248708,2,50,51614.374645059695,0.4439038323199116,0.20214939922527075,0,2,0
4369.157334292819,5,34,46383.0359619524,0.8935945864501316,0.5454903404948357,0,2,1
4605.153278653748,4,41,4635.787818722385,0.6580549838612207,0.20705708338303286,1,3,1
314.7790196757701,20,51,29073.916445525698,0.008059103342119789,0.5439731112849675,1,4,0
1391.6194642545465,4,45,93107.89609144145,0.943174822961285,0.23159902476389893,1,2,1
4032.9443861673763,0,60,39243.21393202165,0.23714446597771122,0.8489238694760728,1,1,0
3743.8158550144553,16,58,54715.382003621155,0.10761418475985884,0.3972714728404597,1,0,1
930.7598865883228,18,56,53248.965730526754,0.7681281783808822,0.24555062594449106,0,1,1
1054.6531234501845,13,39,59084.065873287065,0.5004773158667182,0.8123261802470616,0,4,1
1858.655792928996,11,66,6226.962468763933,0.43377056601801756,0.34283896480545073,0,0,1
2427.7696961031966,9,34,36281.40785439296,0.24950307968274177,0.11148768783878193,1,1,1
3095.091309936177,19,51,72340.51456086716,0.5474714898623186,0.5704094914036416,1,1,1
1850.8790614531642,20,23,20135.969082190994,0.27438460520258745,0.5815642044379887,0,3,1
2318.048233504408,17,63,20437.479916881406,0.9015830052870676,0.7146956752357342,0,4,0
3739.879981287445,23,23,1108.0516082335703,0.2152044797331928,0.24021943320838557,1,3,0
193.0491824240835,10,51,43804.44446816015,0.8843551504557535,0.4437713390922451,0,0,0
1269.6603522766636,1,18,88285.16462927486,0.559405425727357,0.28236791904265623,1,3,0
3569.6144335639165,17,27,5284.9042643721705,0.828488133895241,0.08095373611568812,1,4,1
4477.0821200591245,6,38,19192.759078650663,0.712845995860955,0.8766138270158916,0,2,1
2563.270436157174,23,22,31077.44538044123,0.6966951114367486,0.7288698044883412,0,2,1
2665.2462914739253,14,19,73199.30118276487,0.3243458076950557,0.3014630594588007,0,0,0
544.7883365854825,10,39,64099.4957209784,0.23389693147220347,0.5993729928719863,1,2,0
2242.5877104490387,17,65,41652.796067727315,0.21088622768078813,0.20126378813447243,1,3,0
2667.7601596105656,22,19,75930.98703191173,0.8571916570595887,0.8902366217957709,0,0,1
1219.927813137301,11,27,61002.1380645245,0.82042682025902,0.1149063433619103,1,4,0
1353.523722437411,5,51,89614.47588575618,0.4405735280123073,0.0038371455078008987,1,0,1
1892.647973892067,19,33,81820.87223895543,0.1324046134964546,0.5020081977391821,1,0,0
110.15527691085458,22,65,25356.079248311136,0.3822522519774584,0.5831278234528693,0,1,1
1617.1750362600596,12,68,27216.7139056566,0.6193434541369114,0.5789653202958044,1,1,0
1065.1255549127577,19,56,12623.111931659323,0.45440315447995283,0.05451192743782629,0,0,1
1644.2117873677942,15,39,33762.776099173905,0.780189268482995,0.3140438069184325,0,2,0
607.6130377780636,17,29,99954.43748003752,0.9976228222513854,0.4991989468413318,1,1,0
4453.731130892076,9,41,40634.54174464459,0.19113208844889684,0.21657918562724088,0,4,1
2972.026343234703,22,64,22126.79462544173,0.45965081965957244,0.8726258854858964,1,3,1
3398.720572531003,7,57,76272.04015910774,0.43098390192082203,0.08710928946143404,0,1,0
3947.964480650618,17,55,54292.853245919345,0.30449253274895083,0.48738444167204287,0,0,1
2497.226572655996,20,27,15045.184807742558,0.19809551672028958,0.691416057513152,1,2,0
443.73223755624423,0,52,38130.89914797049,0.06569211648965922,0.26175110013448244,0,3,1
2690.1616436745535,22,68,41505.5245823804,0.8871193172236984,0.6242407369975181,0,1,0
2938.337178924187,7,66,75407.58708686494,0.4198486976863176,0.8293851501423746,0,2,1
3729.7429761798066,5,49,2165.069752301256,0.49689551850004887,0.19033697509504754,1,2,0
2163.9811356861,4,24,26975.062715151216,0.9169420482009158,0.9172205918248628,1,2,0
646.6257109498632,14,38,51807.87050142065,0.7762904775159478,0.553558532662358,0,0,0
1426.041769935635,21,37,26957.78957103905,0.1305012641171842,0.29923200430106056,0,4,1
1821.780659029189,14,43,62880.56133715799,0.5654199676077424,0.43085827538227073,0,2,0
3233.12703424469,1,21,48238.5611795342,0.4422522765195591,0.31219188378638796,1,3,1
2858.1837402978704,0,63,36234.8544604721,0.7972110725787628,0.7251111599333161,1,1,1
1786.9226622302529,22,69,94925.94182436417,0.7242325476119492,0.7963006634151322,0,3,1
4932.711091476968,22,39,63252.733968727094,0.690405721911072,0.832937392318661,1,0,0
3032.8163485908667,10,32,13081.143089567327,0.3405448354798969,0.9857682495857412,1,0,1
1193.7616907626125,9,57,56053.16057459521,0.8049637303992545,0.7912842924966835,1,3,1
517.8945383758146,17,38,78095.11213477001,0.05239129559486122,0.6013840706885634,1,4,1
772.7671045298168,17,32,70878.12077953045,0.15962490143216723,0.3392202983917838,0,0,0
1237.3290646386956,16,39,17291.714006596412,0.3356232729779117,0.5445954487107494,1,0,1
811.8000525651828,7,69,97244.75790410633,0.07680744106928128,0.04106817279040542,1,3,1
940.9694500160158,14,45,44936.483210085935,0.2349942775346916,0.7448250755299131,0,0,1
1432.624891782297,7,31,15986.597873652103,0.8301509829979181,0.4459555450921018,0,4,1
875.1342405208266,16,44,18101.55583740198,0.9482515377900793,0.02002322973218762,1,4,0
4484.859468885861,11,58,9913.675719689141,0.3046023557741905,0.06250694151041081,1,4,0
410.36639085159464,7,57,80371.45903264995,0.2645158039888382,0.38746646382175665,0,1,1
2627.311833955571,13,45,12290.84638275268,0.2798926522464269,0.5834215190184351,0,4,1
2057.880166678411,3,43,12600.01318846052,0.27771908735084383,0.4642039489521267,0,4,1
4912.0692983739455,0,66,85062.11431460768,0.03593018218597299,0.6192043172921549,1,1,1
569.0741218185813,0,19,34525.94803631121,0.9269163463311081,0.4802942587913558,1,2,0
1995.2994392382507,18,42,3182.7046403764375,0.2136981415703284,0.6617038454813468,0,0,0
4847.657462044091,15,20,5284.3404218892465,0.42000407408140494,0.21912606467080087,1,4,0
4328.880558210962,13,25,14302.827625719166,0.00968688274096774,0.11284318718362141,0,0,0
4087.1896340369067,20,61,21417.995462771385,0.8579550909150572,0.59643395462566,1,3,1
1296.9351069542497,15,50,66548.1048044167,0.7311573444549172,0.48468951693630746,0,0,1
862.7290610764285,4,59,15816.895372182642,0.9467560351737032,0.026867654044935296,0,1,0
3346.5296674229107,8,69,11975.551678589492,0.7816154791963991,0.38048188549303585,1,0,0
4647.586185746653,1,52,76495.4422334803,0.31370651205206523,0.10612558549099549,1,0,1
2788.2468361395095,17,23,67138.42285760544,0.24787335872842364,0.5313568317526952,1,0,1
2862.3473204548004,5,56,43588.889723378095,0.697716307553293,0.39577767966043076,1,2,1
1407.0956773648181,8,69,54976.046170862384,0.36411277501049943,0.6131519111030179,1,2,1
3849.7697366277653,0,40,31267.203630609205,0.5662150157526166,0.8056022187702383,1,3,1
943.3483053020416,8,42,48301.79198151253,0.006257471026470229,0.2996686838414908,0,1,0
1625.159389657176,15,67,50716.5976333763,0.06188570168047525,0.9621021041650275,1,0,0
2132.9278286959197,12,60,38785.00339069178,0.5353679411816512,0.5356345005875744,0,0,1
2542.9757896354304,8,36,90666.56384614906,0.5660716464481651,0.618290798754788,0,0,1
1219.6245647512503,20,22,1704.580311602514,0.7514529444593436,0.680672373225737,1,0,0
583.0357554486257,12,68,78238.90918281549,0.13196531962396174,0.6667315298575898,0,2,1
3056.994011783747,8,28,12525.8448410083,0.5131830837567788,0.5109707430450621,0,3,0
1450.2664606688763,10,29,79774.98131766623,0.1944476444316886,0.4287642911146835,1,4,0
2910.378724898835,3,27,61629.60037610445,0.09319611956269469,0.053781964177377906,1,1,0
780.2699492182695,1,25,84343.4812845466,0.4104957940605546,0.02208584530117974,1,0,0
2410.889108255539,5,41,9841.681131525656,0.16333664808905723,0.35796119453276465,0,3,1
2667.6212684324137,13,45,55942.165346567424,0.2217819781923186,0.33366089063369264,1,4,1
268.5994487439103,3,58,50158.67923819349,0.31755457986950175,0.38769515483900674,1,3,0
1689.6553481876638,5,53,70648.69897803952,0.25938840074319625,0.13836820088819002,1,2,1
680.7292379254815,18,54,53475.626134178216,0.0875912974059464,0.7381682705368436,1,4,1
326.24110265911105,5,38,54119.38325659711,0.08991624485970229,0.856964414776239,0,3,1
4949.901559625827,1,25,43016.63476324886,0.19324941523416816,0.938714635374035,1,2,1
1618.5456864238677,17,26,30952.55895833335,0.050559187959538954,0.49236230351962584,0,3,0
4051.273484814628,12,64,48278.209689094,0.6264570196769271,0.7008656991254286,1,3,1
1280.6568672711817,8,32,11937.38664096322,0.28732671650890196,0.8555511234358725,0,4,0
3410.698583897407,22,65,96155.18256441016,0.279745967769071,0.41829111109348593,0,2,0
3803.537020849536,18,63,71469.63528629717,0.33199829423776517,0.3094127948704444,0,0,1
2982.2373156331428,12,57,95251.4649571159,0.6627962742097216,0.9367245558534901,1,1,0
2363.1651808652905,10,35,22750.06549476333,0.8706338814834905,0.5156765510770731,0,4,1
2065.08616159487,0,59,87946.16791563515,0.7590869325556384,0.497253886590878,1,2,1
1750.8526500495466,23,37,80898.1194578975,0.727529230225095,0.17841609656349577,1,3,0
4648.350429796651,21,23,67747.5260045216,0.48439118560084926,0.10815501457335674,1,2,1
4154.790844860769,6,29,62540.41568991206,0.6938055569674118,0.8421068624835116,1,1,0
4825.484284225898,20,19,31723.311560260212,0.5527623680335831,0.6141331761875181,1,1,0
630.2431451928682,14,24,81659.43741800656,0.2162505281865289,0.3258245840194487,0,0,1
3657.0287012661847,0,33,50201.39460182541,0.20858836774105072,0.19173621739026647,1,0,1
4692.318879536979,11,20,7182.068431539407,0.29639200687528344,0.5554972801696314,0,1,1
914.3530001666442,6,62,31355.029769427485,0.9108026709698133,0.5839192892611353,0,4,0
341.8163741602197,14,20,93536.18014467823,0.5474148403797259,0.20699360124505817,0,4,1
3708.1920399573946,20,44,85082.95803442414,0.7339053770018694,0.8514057478914739,0,3,0
2876.6208347677602,18,67,98192.37923784627,0.3465587598165476,0.08426436615585109,0,0,0
4210.725596023777,0,60,62836.5389221494,0.40771577066522524,0.3560930851664217,0,3,1
707.4641593651846,16,57,24826.256306727155,0.12556557863725137,0.6803844137625221,0,0,1
3978.383886180852,16,55,16365.223462718692,0.17129495782167037,0.2741203638192007,1,1,1
1016.1203270382453,2,50,18772.752616785318,0.8273565548261456,0.8276751947812718,0,4,0
826.6431548998655,11,45,2077.586268890713,0.5848386316888821,0.7398678266004035,1,4,1
829.6863316756547,5,18,39129.14288749533,0.3375324658838189,0.7890228445481342,0,1,0
4074.727853954597,10,25,19223.625281904297,0.802851208995546,0.11910653587671627,0,3,1
3329.3341312740386,2,54,41224.380499624574,0.24651990563798298,0.14054712799554292,0,3,1
2620.0964695979055,7,49,93505.94374069266,0.9760326986002038,0.2864737377445836,0,2,0
1800.5641157762775,13,65,43110.96692976828,0.34481760774616976,0.5180771651975611,1,0,0
4387.23069865741,13,60,87810.651248785,0.3373109541512276,0.7480160766994024,1,3,1
1968.3010860389506,9,54,60589.92618492606,0.3119119055367052,0.8365308907609035,1,1,1
4084.8312029631697,1,21,24788.442310673054,0.12211151592428793,0.7043353159571805,0,3,1
2201.28319376539,13,47,35649.89044999522,0.11113714733201241,0.9285968815306384,0,4,1
1890.952702830289,8,23,8483.5616285608,0.6481050345341234,0.7387435096159303,0,0,1
2318.772130491336,2,63,33412.91310024145,0.875118044558047,0.3062678870046147,1,2,0
1513.875592079069,20,36,67786.34045580305,0.7905205102716735,0.2650812843385726,0,0,0
3740.570807079493,7,49,7303.8981836505745,0.1411075940213511,0.6961924503010899,1,4,0
2518.574746561471,15,26,20619.60070695513,0.5455821217920664,0.19287056868961427,1,4,0
1168.7413487826184,1,29,38205.96003718982,0.10559154597664,0.09271481081026989,0,4,1
4498.877120640097,5,28,98206.74874789466,0.045294643613077445,0.5322228748561939,0,4,0
1925.617194652325,20,63,78507.69611359213,0.6563858593847672,0.8216415697789553,1,1,0
2722.3287769588032,11,33,73375.32597456117,0.5351523336803503,0.10137984246986353,1,2,0
4533.295833713089,4,18,11707.476556892054,0.08202368521147085,0.7918913237957292,1,4,1
3124.9475996108204,1,62,78121.48977213765,0.034939246405988444,0.8115720043515481,0,4,0
593.3212231347367,15,38,78548.35427044991,0.9897564134093346,0.48227400008154353,0,3,1
4699.762296831241,4,47,60150.1592928704,0.030021332149071878,0.05731031001048681,0,2,0
3142.263184826375,14,30,99037.14202163735,0.44452825305015964,0.1745898512471864,0,0,1
1681.1790171388598,11,51,32592.86520186274,0.5046190246076956,0.7074262751619323,0,2,0
704.9676425903024,3,21,94133.11757936097,0.11728014780044504,0.7117779449909495,0,2,1
3972.185694458777,14,45,91481.6383841547,0.16906177843971626,0.8983552751676653,1,2,0
3104.1630520832823,10,55,1246.9179089628465,0.3518050064103525,0.5826861465545828,1,4,1
2671.9708489618442,15,48,45066.64099483362,0.7616758762136626,0.1241073677137774,1,4,1
4470.523989424279,22,44,97712.71288185217,0.5070824240602667,0.12141490550497214,0,1,0
3945.1000840104084,5,22,10401.824104566771,0.6379018745529615,0.7211323573568237,1,0,1
766.8576498664283,13,42,54823.690968893614,0.9851745550906748,0.18378466510790115,0,3,1
1565.4931182997857,17,20,97897.85495340629,0.7680054353132096,0.32838549961660535,0,2,0
1249.960807674184,11,50,55593.99286817543,0.4343614981412177,0.4872120069219139,1,0,0
3722.291999937658,10,21,19062.548766918382,0.44644192179654874,0.0247648775761512,0,0,1
177.3268493315391,12,42,58260.10468624972,0.618772077041005,0.24881902701993186,1,1,0
2853.7495275078695,20,37,20523.61333755973,0.6653652084189043,0.40788960850728007,1,3,0
3814.668841846046,22,51,52018.455863158975,0.5007109258366713,0.27963631849320625,0,2,0
4385.06052744113,10,43,7496.817569443565,0.6448612228149799,0.13637032746756583,1,3,1
1716.9879260923783,22,22,60587.71865451902,0.02353249441409877,0.7280122577961974,1,1,1
4108.0739503133445,15,52,51727.314918903,0.4296228638968441,0.8131476551679849,1,4,1
562.0523674064841,14,45,74042.12073927016,0.27893807607347676,0.25747897614372484,1,0,1
4233.796935755246,20,46,63106.97706876262,0.1291744452431104,0.7744194946063033,0,2,1
646.1684250365922,14,26,55005.666226222595,0.09954651280877513,0.38555356440131383,1,4,1
1992.4635798962327,3,69,69008.9070398873,0.6031921656146675,0.5066857908540028,1,1,1
3988.503875239973,10,55,14479.797165865863,0.5236005471526117,0.8560010748931528,1,3,0
758.0879624703812,18,67,59576.43015973455,0.2535841169963692,0.7499536818024078,0,0,1
1153.964462210881,14,23,17293.84922199549,0.4709500587725145,0.8051168513161777,1,2,1
3614.040316281401,3,36,92559.6685644029,0.4922323151824083,0.13684516658635681,0,4,0
3602.982317364911,20,61,6926.57707407586,0.1950089804386158,0.06971942583372948,1,4,0
3209.3266880976335,12,28,43094.43749411024,0.6520930618816506,0.8934047290879871,1,0,0
3472.802737890829,21,19,69610.16801777894,0.7809193563860904,0.38783426957109435,1,3,1
2718.194972304505,18,64,45856.41894565905,0.791463540889519,0.28787967806968084,0,1,0
1266.4773039456943,1,61,9300.315797966945,0.6024698307034551,0.7246962542618245,0,3,1
1735.023007584558,13,61,55382.563711058065,0.5116385825190141,0.8364155965798566,0,3,1
916.1726068391141,3,26,64199.027691852716,0.06100714300539489,0.8624896218983009,0,3,1
4543.168301054806,15,38,70408.85186795171,0.28783129885160585,0.31599714112522737,0,0,0
2921.125055882941,20,41,37388.655464829615,0.0932714467781699,0.852212391201674,0,0,0
2010.248569650563,19,51,56409.63110577334,0.9638231608784736,0.04093394437434539,1,1,1
2315.408960184222,13,39,45123.578846397424,0.1350801462257607,0.049661491459718876,0,3,1
4736.943864662959,14,20,67238.39827135012,0.15177540985110205,0.6235191951741544,1,0,1
775.2235015492402,2,29,58397.34103574937,0.8895766183304922,0.06310636911554623,0,1,0
2935.2868617638183,7,45,52623.04633395757,0.9439282834764579,0.3246091685101615,0,1,1
2534.384507633485,15,47,25027.484247141037,0.7658290392349099,0.672755986246924,0,3,0
3061.1566348188926,9,43,301.64992304856827,0.00540492367266987,0.33726689605422633,1,2,1
100.36981726599414,3,65,17490.75936361178,0.0013462709565636999,0.17959978144009592,0,3,0
4361.898305631315,17,38,11794.897538274448,0.3781007697874508,0.28135062185384163,0,2,1
4661.270229593226,1,45,44963.56602659358,0.14339537001089253,0.4575753322504318,1,1,0
2830.014586110153,16,43,61264.58926110828,0.018386142151597284,0.4753858553554824,1,0,0
3486.287611145692,12,50,21387.192367612337,0.4640666894045047,0.783000231347202,1,4,0
4613.271912074705,3,38,93911.80388712199,0.9430618974069715,0.7501532294315125,1,1,0
3539.120785223859,10,52,767.544709466389,0.3238195749024314,0.4568178045561352,0,0,0
771.1698241421641,6,69,77252.87141501775,0.6611406784286965,0.8456673490987714,1,1,0
2885.678917232398,11,51,62557.95647609118,0.6522353531324407,0.11423713859139584,0,3,1
3037.508081450451,9,58,37418.124624663425,0.25108010366516775,0.2553533502289015,0,2,1
2126.412049798906,6,68,5143.845546799551,0.6504252488238643,0.8279764635022515,1,1,1
3684.856735767367,12,64,62785.908521249505,0.21233397428689127,0.3779940386261531,0,0,1
4672.491403697384,6,35,38622.78993527824,0.12200741357688905,0.9811815587938422,1,3,0
4628.586879404814,23,28,93633.08722738059,0.7013832855596901,0.4662532815278354,0,4,1
2259.6884633066193,16,40,54244.80848148761,0.11344081710391674,0.7919356229637641,1,3,0
575.0578487453687,9,65,93971.18597822147,0.9969092185893553,0.40230704138237194,1,2,0
4924.357582822049,9,39,22126.32097798308,0.18345240115022932,0.4249535190624304,1,3,0
4196.101451365211,23,34,72600.01844537392,0.5941418627564575,0.3828831472841835,1,4,1
632.0667792043016,3,22,61763.177182787695,0.4113745714125894,0.7190756205108118,1,0,0
4605.000994260688,19,61,73966.88216014804,0.1263864224056671,0.5475178840599945,1,1,1
4350.78284669002,3,28,21545.319610856426,0.027843907577413396,0.9437781113683691,0,2,1
2599.0019050591,21,47,66532.9521721536,0.6227322822928333,0.25089031653410476,0,4,1
2960.464424367197,6,32,49854.23526638121,0.8067575637891261,0.10056273208344435,0,2,1
2001.02349231195,21,44,74308.214993141,0.842015661506744,0.3932614850992152,1,3,1
283.26057772193633,0,52,32771.759950766595,0.48271347307693446,0.616712707646776,0,2,0
1682.6342358130455,11,50,89016.69684397873,0.7774554671823856,0.860798936915495,1,4,0
4016.2387085040773,23,37,8521.701329673902,0.6728471334885447,0.34619688668032766,0,1,1
33.113794792968264,12,33,80738.21294723969,0.7242545274991332,0.6537867511244616,0,1,0
1674.1608667388095,9,51,86145.83061892758,0.4925990052218141,0.35019868102321905,1,2,1
1996.861781018807,14,19,81743.50590554543,0.6334117402421271,0.6172195829944581,0,0,0
2691.6040586602353,12,52,51321.36678675142,0.805525913576057,0.8848079470306509,0,2,0
4600.079525899675,22,57,43894.659505073054,0.39788417555702305,0.23135764225940902,0,3,0
1738.2665118861466,21,45,99626.6024238352,0.8059789008675837,0.40424164210703917,1,1,0
1741.2964774621762,21,64,22994.277926294795,0.5920168427890629,0.9932651964297465,0,1,0
3690.1312280676443,20,56,54732.908991016855,0.16590102437078624,0.8685570282494608,1,1,0
2266.5675250401378,21,23,67100.48498569432,0.024684157224584613,0.564639857896202,0,0,0
1130.7780664705099,8,26,70116.67682255706,0.36275360039915205,0.5166275918542753,0,0,0
2267.67318550214,8,37,20482.06410728401,0.5466963282963399,0.284600382304681,0,4,0
712.8765316952013,14,18,65434.00982474614,0.8398203522034884,0.5172094276935294,0,2,0
890.1710626660544,9,25,81855.1196914856,0.1274856801402462,0.8481814982799472,1,2,0
2496.8551859700037,23,40,5096.855824429111,0.8002063476835791,0.6851745132777806,0,3,0
2100.437993027694,9,20,91160.97720319912,0.863009046067227,0.2900440281779866,1,1,0
4575.081046329819,7,21,3047.4551090060727,0.1506874870008338,0.20146392105353295,1,0,1
1818.3455565919992,23,42,35661.506145590596,0.851594319304219,0.2652085369968291,0,3,0
2907.1358678874367,15,64,1679.7383036729107,0.991453567842792,0.16975920139282652,0,3,0
3164.9987967184566,16,55,7806.802337104228,0.7268388310482375,0.09564069602371594,1,0,0
75.34133837578484,4,32,91125.7116894899,0.784769681824988,0.419136174442055,1,2,0
3321.0514863633857,3,38,35550.596991540166,0.9944152675588734,0.1132996043982677,0,1,0
898.3994746800596,17,52,42534.675889462786,0.6054812505259454,0.17191255772710434,0,2,0
4805.740884172581,23,63,21612.903700117007,0.3078863820162494,0.5473246843394861,0,3,1
751.8270114880337,18,69,59749.8674416533,0.8375308340760557,0.16459927369957472,0,1,1
2078.9743773978485,3,31,59520.841146311184,0.6144857775116312,0.06387976743090285,0,4,1
435.8948437124329,6,53,37282.8191433394,0.5811954237209566,0.3173888500278852,1,3,0
4984.402516711278,9,29,33370.1836933593,0.25363555551403827,0.22031909862196752,0,2,0
2515.9531015529005,17,34,88507.93438724072,0.7563342695828866,0.5153051879943767,0,2,0
2980.9712364270185,18,56,38390.09554025592,0.08166727586009626,0.10236708458320931,1,2,1
344.71162216825314,3,26,49400.74911622538,0.9242870707946612,0.7517707876829781,0,0,0
3752.302747291897,9,52,28402.14576625057,0.32582346077048474,0.9062335194351386,0,3,0
1057.428909546973,0,30,78698.27338537702,0.12777465278999045,0.7434351739561944,1,1,1
4491.290904309161,22,32,39805.07087421925,0.4423665331024188,0.5328270374013943,0,2,1
1033.6468060052157,17,35,51409.743549778024,0.042469909256533156,0.8606678217888851,1,2,0
961.5317261116962,4,68,25410.381288960176,0.6846261942649663,0.6949183797815075,0,0,0
192.38284256199344,14,50,98767.19327489105,0.9027055104453562,0.010551122450189854,0,1,0
2365.614056098896,16,23,29220.424518279917,0.8372630071385088,0.3940901527745031,0,3,0
2828.557254980456,2,44,77097.17883746461,0.12736947344788108,0.8509518994068,1,4,1
337.8861107474783,11,40,42806.81547064024,0.12627113710773186,0.3458588579752693,1,0,0
3879.8828073081027,1,44,20701.118767905573,0.8134344823242641,0.0352151735255235,1,3,0
2271.9112853926576,0,51,79991.90452008964,0.9242542746031159,0.7461796385522723,1,4,1
2626.707443944624,22,63,33427.318224001414,0.46066982983348914,0.8020382702828686,0,2,0
2209.4061072217582,20,55,86532.81540504133,0.49897111691376594,0.16059369504330856,1,2,0
2009.8076737678766,16,31,91534.19277329052,0.3182620413857259,0.5373404968431812,1,1,1
2802.6052532280073,21,53,85996.40115558846,0.894265118256414,0.19195543899572576,1,4,1
784.6488271942554,15,25,3597.2906891998846,0.6449029052923559,0.7192344190441468,0,2,0
917.8213711714029,4,52,78758.59716601005,0.2882515771673685,0.27155045517748566,0,2,1
4310.310248857451,14,36,41192.81270326448,0.2987828710542516,0.31621512256333006,1,1,1
4731.116156046827,2,47,87384.91972620429,0.8912000730636024,0.8449708536401014,1,3,0
1872.8134882359673,6,31,63831.6308422054,0.013634023905821469,0.47632235220690433,0,2,1
1361.0159189863334,10,37,83380.94910098145,0.3227265727266384,0.6697544512182478,1,0,0
3223.557720762689,9,66,49993.23380969685,0.554356681216369,0.40237305072246765,1,0,0
2049.583513779501,8,42,53549.04790943339,0.14821746209932463,0.2980068571937554,1,3,0
136.67791474512086,13,57,14524.324450153357,0.0920987541995898,0.6254780604246614,1,4,0
789.2014608572899,12,41,78420.33713306661,0.81527633109056,0.15485757407882128,0,1,1
3582.7014219485136,1,31,41997.02220553047,0.8944043886485072,0.372999835566863,0,0,0
3298.0304701316554,2,43,50058.0038153311,0.8236064207981895,0.20903703738592228,0,0,0
145.2090025923826,6,55,78531.26163816119,0.8987878897373477,0.6957949669407455,1,3,0
1117.6410880454177,20,40,59924.655467935954,0.5531119710583715,0.9442088383461076,1,4,0
1163.0632349744762,17,39,20189.76287152248,0.8122581209903419,0.9955109680158664,0,4,1
3362.7447905576546,2,65,59064.242649174186,0.3840426383911004,0.45027681044159074,0,3,1
108.35558339427713,9,36,40822.52251216761,0.6662678614790385,0.2525303896364445,0,0,1
529.5018241030235,21,63,47005.60165018188,0.9888355313891645,0.44282937038432413,1,1,0
4001.581266012215,6,68,2928.296312826512,0.22572772383912743,0.8472694099627238,0,0,1
900.9378636511248,8,20,21081.932016676532,0.3898997462910806,0.20600567855203988,1,4,1
3267.203078180855,16,59,28175.704329964723,0.4800473773100856,0.9520956516529238,1,0,0
1198.5320774231654,10,36,71324.7047850947,0.13801548702005173,0.341865768798151,0,1,1
506.2125498691324,6,26,1248.0980824817198,0.08103861046505678,0.9858036594503049,0,2,0
1223.4292330872759,23,45,40936.848396790294,0.8297228663216244,0.8386088875339622,1,0,1
3614.1119899597393,13,37,92410.2843555307,0.9767943728275862,0.8085705341473903,0,3,1
4279.9253758503655,18,62,11276.873593257473,0.40472506382965867,0.3179046737732836,0,2,1
4152.797124189288,3,24,51690.79638303924,0.08764983619465327,0.008777211947929464,1,3,1
1991.9458127960895,5,31,78673.58600084562,0.06581176069057648,0.3821329088259878,1,3,0
3343.744831487524,9,26,94258.87762125966,0.8913182063602987,0.30180936966269367,1,3,0
1032.8716341249467,6,36,74702.98628941842,0.46381424972767993,0.03739699040879729,1,0,1
1472.8071740024561,12,64,72084.49830957617,0.3200273165623919,0.5053652565059297,1,4,0
4482.715734420388,13,69,82666.16021055667,0.4764612712393995,0.4030313112827366,0,2,1
74.87959831857282,3,31,44675.50197565661,0.31830409469234733,0.6345564677415247,1,1,1
436.68756896379574,7,55,80603.86880852153,0.48903577530762,0.6211863221940832,1,4,1
1047.3524131786764,4,53,895.6440340705675,0.8595563969179368,0.12074663589668011,1,0,1
142.39569733036038,0,57,92463.6494321428,0.5923013710620957,0.9769655461266226,0,3,1
915.3628210980886,3,34,44386.320300765816,0.6946537728101754,0.18693142944144692,1,1,1
2919.377389238764,2,47,55382.68076778819,0.3646706762343366,0.44527402476470457,1,2,0
2112.9085074565646,8,26,25562.736666596742,0.7385058785105187,0.4881175434337349,1,4,0
4464.431838274105,7,50,74278.83020075811,0.6666170848793723,0.8130627972141201,0,4,1
4089.04337307482,0,69,7755.917066877357,0.11956199775205645,0.09922959609464677,1,1,0
1715.668584972401,5,42,87276.31667442885,0.5726428531155846,0.42864427920853176,1,0,1
1304.5229328221494,8,31,82828.87121773364,0.256743496309758,0.6285021702362039,1,2,0
1904.6651167546618,6,28,21684.405612852162,0.8040956696335928,0.21515562162405555,0,1,0
2955.5717631488906,3,52,80951.5073886977,0.42593770846693946,0.6274678987660728,0,3,0
1347.6375677061526,12,58,78657.137532842,0.9946841651964872,0.9236648375496527,0,2,1
3124.5030501671786,16,31,63258.43811561951,0.09250043793896379,0.997518131172675,0,4,0
2052.9641444342897,1,47,37414.66567227878,0.7803478627401585,0.032451076790675715,1,1,1
2764.7154324513813,4,58,27222.7255427686,0.6737017335421565,0.2355882282446775,1,4,1
2186.2713803852303,11,21,23255.18066990607,0.7674988305907054,0.31030711579169745,0,4,1
1479.3841401141692,20,21,31929.035380084355,0.30752979549045634,0.3991261004449661,0,4,0
4742.782001741162,7,45,90365.48849890978,0.4920544893824006,0.2422571575847674,1,0,0
3820.3929128572063,5,25,7856.3135212792495,0.7965085197237084,0.20348799455531252,1,4,0
709.1647470745982,7,19,82904.24049767057,0.232541331620855,0.9545538424175,0,3,1
4343.655199730585,17,58,34954.11849667817,0.22603319678865208,0.9185216027705179,0,3,1
2442.281679265073,2,63,52207.77966153468,0.5510509532949324,0.04699250100311747,0,2,0
4473.815612201516,21,39,79469.11480148422,0.5235635795298558,0.33881302160484816,0,4,1
4001.277727177103,11,58,88449.21704759484,0.28226247041293284,0.40514855367840663,1,4,0
2131.815387301475,2,33,34543.66386525743,0.29807565052482277,0.23901453466594336,0,1,0
122.12184851738581,21,46,46238.16377938352,0.2778451632065655,0.6288728969881755,0,0,0
1350.7000233308809,5,66,41510.15487519755,0.7715120619984877,0.640380746644241,1,2,0
2712.754731157726,1,65,1423.7782470406637,0.6519008655624606,0.8505042283285971,1,4,1
3171.056316932475,22,47,29664.694596979796,0.8324171834102527,0.7408692683852178,1,1,0
1296.8595503116794,11,29,45973.00444988292,0.9754730283140218,0.5425733269659556,1,0,0
705.3868096233924,1,52,41168.25152715593,0.4741642962719864,0.6535867700444199,1,2,0
4176.301881628503,5,28,72220.72982881637,0.06669388140544885,0.2739887815430181,0,2,0
4922.166881710725,16,63,38541.881360388215,0.04809231041203543,0.5930561899673576,0,4,0
2633.1940096904023,2,67,48988.70725216996,0.29566503927161913,0.48922725474991924,0,2,0
866.6796363830344,1,38,43017.8983540231,0.9325445893524509,0.1333444673163704,1,1,0
1368.813559331651,22,38,74088.55227454762,0.5232130549708749,0.24254427658297073,0,2,1
101.769475971859,19,22,86310.94265879756,0.27178651608012916,0.29169345072158603,1,3,1
4572.35104473689,7,65,53235.71899285066,0.39916679451101955,0.924309567052558,0,1,1
597.5779036218042,21,37,78964.2762000996,0.5985951074046708,0.23038663938588944,0,0,1
2886.8172128161254,11,54,29748.989533783075,0.6529496581378422,0.28924390281966816,1,0,0
1377.535551229158,3,20,54182.82405471114,0.15391950978290503,0.3693541300894323,1,4,1
2775.3482325538093,4,61,34588.47237163025,0.977031676545176,0.663742738625387,0,4,1
3260.5877378758023,12,50,41478.672464625844,0.5447722269827888,0.11823839247214052,0,3,1
4150.411600498936,14,26,73268.14509478559,0.1356883177922793,0.9539452124937761,0,0,0
1040.04214608541,22,26,88178.081985038,0.8936352533461337,0.8655712200947645,0,0,1
64.86918500581758,15,21,12237.389569667765,0.0746384310794288,0.5772160730089502,0,0,1
693.0592940433482,9,52,63500.46172308931,0.9077354331775127,0.6740378674249567,1,0,0
4501.093022822044,22,34,58256.16637702207,0.9965656562889824,0.01666047124421599,1,2,1
4370.711487036951,15,51,11929.662413675595,0.7004317991565039,0.3389447753484487,1,1,0
2991.0913798298384,11,41,21268.243610966896,0.7704472210739898,0.795660230661442,1,1,1
3006.5791335639306,16,49,31169.14922379476,0.3373028364674864,0.07748297379238589,0,3,0
3328.5330059858147,15,18,16776.413974668398,0.9415768527339338,0.2823138342107202,0,2,1
885.1026803310134,11,25,24448.575304181744,0.5297139661083676,0.5852968283343113,1,0,1
4572.915610165549,7,62,26833.31980628458,0.7323884465975549,0.2564130276989418,0,0,1
2099.664919211445,19,40,33633.81592060206,0.9241077159112795,0.9339779741445192,1,4,0
1921.8612559649923,2,64,74964.10623483578,0.9751799759755083,0.13105863080429037,0,4,1
2599.3993493613593,15,57,57234.02916467501,0.8332043565966744,0.7973943579077786,0,3,0
244.36017420752466,12,29,98626.04252794501,0.30301750698203,0.5079486919064082,0,0,0
839.7540100928362,22,29,41532.109114050356,0.9665475165520824,0.750330775819956,1,3,0
3692.7877459675883,18,63,75411.1208763088,0.6281195312435718,0.31071532831144744,1,2,0
423.16535294638106,7,64,87159.69529551573,0.9306424763519598,0.5144896023120388,1,1,1
3019.729026237277,21,32,67929.95145450039,0.6761050258143518,0.8568353497231763,1,0,1
1234.2920573097915,4,58,41245.28756770785,0.3072389618477205,0.4668780991231044,0,2,1
1952.5851140694629,19,36,75384.10361150072,0.37002452414281595,0.3597198619102696,0,0,0
1450.5817464857923,7,43,20446.34706349122,0.5504717771029405,0.5361553862527361,0,4,1
1784.8068551600961,23,69,32822.46130149523,0.790014841559882,0.7173627530363669,0,3,0
3598.039066869385,11,46,54713.85698441895,0.31798255134033493,0.44356334549850274,1,4,0
1492.6373609596433,0,39,57583.397789886214,0.5797311661341921,0.938876975142273,0,1,0
2836.3591550815167,20,57,2311.9333997156828,0.34562499357640153,0.29494582404234204,0,4,1
2385.4915069735075,19,38,94516.90745672527,0.8157694046351072,0.4754636061691204,0,0,1
3321.7191151596144,5,68,69693.06439461726,0.46672809376795044,0.7569276593414415,1,4,0
4684.780399230543,21,55,49620.80464816592,0.07672282685288523,0.6891210904957582,1,0,1
3665.534765079149,17,37,93319.41071739001,0.16605252148153637,0.8636410524171562,1,1,1
1082.5524891678763,7,46,43965.64696855777,0.06110466761963229,0.9968091806811089,0,4,0
165.6038439558105,6,68,98045.51347001013,0.49930294601432523,0.42685832879508956,1,3,0
1318.697581056127,0,21,51277.24724862416,0.10633729734822717,0.11115087978331184,0,3,1
2979.4388741942716,20,24,11517.148422798147,0.1141399693096321,0.030415880807967977,0,3,0
266.61480928640924,15,45,76503.61714868179,0.941048260038377,0.7268769061397716,0,4,0
2486.8675735341694,11,45,67921.88273527627,0.8726550721760554,0.8740136713087157,1,4,1
2988.245816095277,5,21,77321.37345842812,0.452086596811366,0.22071258594441867,1,4,1
1677.8770151766346,19,39,95149.05866969554,0.9858053208502058,0.15844803718990597,0,0,0
3856.8518966916513,1,29,77671.2813348367,0.0001865281706631139,0.06220509152569098,0,1,1
541.9252831375213,13,62,61172.526561443025,0.6139794562733938,0.8227029217172064,1,3,0
384.93753086168573,3,20,85745.159345848,0.6164281773718701,0.31138193989258434,1,0,0
3643.6618934559806,0,39,67357.3192915177,0.4574430558698882,0.4016968927597765,1,3,1
2482.5016678689303,22,61,40871.093776909715,0.39694797293429285,0.5027501916096123,0,0,0
3445.127958174403,17,19,88573.41444775315,0.4553831354806076,0.8394532342095508,0,4,0
2179.7884196326936,12,41,22267.85603235885,0.4149604360796805,0.6508332215614849,0,3,0
1239.546145863143,1,51,71492.66336338155,0.7304924774822994,0.6150646298578113,1,4,1
4097.320565194257,8,44,88168.18914858162,0.13535543497328406,0.1756720999559107,1,3,1
3999.0852360552067,20,58,73158.5203183593,0.19763922059113015,0.5131898917098298,1,2,1
3476.5353895635894,1,18,69757.81436348031,0.1805182283924236,0.7153810171786552,0,0,0
1368.0042347775138,8,25,75288.56557777642,0.26247058512126453,0.9732608830304917,0,2,0
2955.251027676745,0,40,46559.019305234375,0.5252584187815833,0.20140630921335223,1,0,1
1811.2597457307338,10,55,87429.65114748689,0.11120874733821873,0.009543353067226645,0,1,1
466.99454589990444,2,23,20423.30386609551,0.8681692953265041,0.07530143359846975,1,3,1
4587.394741556592,19,39,12825.902958433895,0.2973615313084723,0.37585246518197923,0,1,0
692.7249682856174,22,42,28622.327133839302,0.16253798746870785,0.8205446477459871,1,1,1
4751.684395565804,3,35,53204.581937821815,0.6756213095982433,0.0071420817682450455,0,0,0
2235.568807060199,17,34,51105.12336139288,0.03808630059931928,0.4567305928858403,0,2,1
